EMP3,CLK2,SH2D4A,PDPN,FSTL1,ABCC3,CD58,TAGLN2,FAM114A1,RAB34,ANXA1,CHI3L1,PRICKLE3,CLIC1,TIMP1,DUSP26,CASP6,MYL12A,CASP8,APOBEC3F,GDAP1L1,FAM133A,TNFRSF11B,MSN,STEAP3,LOXL1,TNFRSF12A,HFE,GPX8,GSDMD,PLP2,BCL2L12,PPIC,NAP1L3,CASP4,CA3,SP100,XKR8,SERPING1,SLC2A4RG,VAV3,REXO2,ATP6V1G2,SHD,C1RL,RNF135,SERPINH1,ZDHHC22,PYGL,LATS2
0.686501156424069,0.3324021601052,0.6101390054159,0.726464480409192,0.506825351630233,0.346387885435679,0.610369730697438,0.73761015467186,0.609144279491848,0.721322232034698,0.477346712488628,0.599785983294331,0.307697444311234,0.811324353177423,0.643062778250456,0.73772081616643,0.608885365387603,0.509012080203597,0.62777742452639,0.671693823984435,0.523982596965519,0.22426360526562,0.384206455940464,0.798609161544531,0.835343638121119,0.387162082254595,0.731798912637326,0.451438497541265,0.412828494602128,0.791358045338272,0.554069897478177,0.385466585419722,0.474884847361775,0.367302367801032,0.451128757351833,0.172306562224678,0.257504609111069,0.824831020286776,0.511734060991944,0.60449563750927,0.53877112647397,0.37096973107503,0.594353933421705,0.672023723917992,0.572746099755257,0.576071326120025,0.700678405246137,0.693438598213347,0.621527773243044,0.444023866439351
0.871244078691486,0.358176224889269,0.564441371652014,0.885940728677405,0.481858633671436,0.68196781471905,0.741874347601067,0.772220898017414,0.536717795186937,0.860717269663713,0.751547930825453,0.908304670111873,0.367474388435221,0.87022415999391,0.743322320036849,0.309875428644259,0.605267452916341,0.708930804030074,0.542940958362816,0.724947217208801,0.383309281343724,0.162672938502424,0.481643578406937,0.766943285077773,0.733875241646111,0.693252685921845,0.827620876926222,0.426304986064455,0.603281090534845,0.816339968298417,0.677215436157967,0.758846668988745,0.71984463131274,0.28657872234656,0.637098634535621,0.188626699468887,0.442844419462967,0.963669813314346,0.584539493888542,0.852912231150991,0.673801643092675,0.559108550237977,0.538505438704194,0.441371330448025,0.70885285542614,0.724376696135056,0.793705499597811,0.520341146586356,0.749797786631804,0.707007600473919
0.283915584612238,0.698447884500509,0.262836988810367,0.455079253998423,0.378695921731875,0.228380805040107,0.612438390821523,0.272516541694315,0.233662215023889,0.294253047011923,0.218390384644402,0.309075624731503,0.283567942148301,0.412997111198656,0.17880706769107,0.771521889109244,0.507730630031665,0.296798790313642,0.290402283327371,0.359522329398062,0.511471941210298,0.81945480962841,0.170285353944934,0.403323740497545,0.385490460011437,0.0941689195548782,0.299799388446643,0.286237326614111,0.228078138117602,0.274186674303706,0.322835237797976,0.527746607209453,0.341130083390464,0.729487054587294,0.392149522527925,0.0915420311834252,0.409081239006908,0.259015011667757,0.28025513205985,0.360600771167179,0.194376098297137,0.411217075445463,0.637784017657666,0.784849999365937,0.151257188065521,0.530743236656589,0.355517827676528,0.593560380467738,0.497088621379085,0.374109754903495
0.547080082952514,0.430794804850332,0.426797232317366,0.610812727077922,0.414143216777737,0.633505259142072,0.624250118576662,0.452651152806001,0.479966241554294,0.475856395056997,0.647857070362556,0.687375397799514,0.470158566877866,0.563507254816133,0.575092412246967,0.644980970639851,0.505853510227734,0.547128014480274,0.473976232715419,0.473709197046499,0.523948920906959,0.490407647917335,0.666302806399917,0.661212551455396,0.588128640847048,0.520872834615331,0.51510355554323,0.443343202067492,0.399563632565314,0.638326432407549,0.494486689180568,0.428957777414611,0.338423723301344,0.453179577782903,0.571494542706746,0.440520965922108,0.558360642658646,0.493175961102315,0.58410515871839,0.36769537090057,0.412506736306389,0.451347648023719,0.588136140068564,0.512439838470396,0.459783675443963,0.69779230088638,0.48670285536469,0.544938814041791,0.555168738607877,0.662188894505818
0.644312615144862,0.407799356715846,0.585619937263697,0.492643106801518,0.578507443339815,0.276832538250945,0.639041574386182,0.775594244456948,0.606289573574713,0.675299629544213,0.500578428685036,0.462545253583741,0.350395261542653,0.748054927606124,0.653208803736624,0.723586296472124,0.428084122149812,0.665265174898821,0.483035203437269,0.359263566554406,0.666558609895982,0.300090241079092,0.499870775133315,0.781925484544619,0.529242331886272,0.568461826443087,0.592059382096115,0.413800135526731,0.498923503722397,0.446336095050875,0.606824351990026,0.361843813938627,0.422633534161003,0.411652844448208,0.478490648873064,0.180396111735233,0.259610399834829,0.579910036689096,0.45344628115765,0.452724964728238,0.545699008846222,0.294065774943616,0.467902566941522,0.61195869352997,0.21453497121253,0.648672312757788,0.688258409109366,0.616341114387588,0.294180655948782,0.522753986276722
0.388492500735467,0.449304398519188,0.258879099661697,0.302782329046743,0.196666381100041,0.237666395188621,0.360672807118749,0.287764485352888,0.405826933699101,0.356070884080203,0.369992351209681,0.380785946542899,0.0979080600286856,0.303206885521898,0.219661330077681,0.753220947917355,0.139920015489452,0.3599393085673,0.101710810128033,0.0629801105685,0.598465619486677,0.673039523291559,0.34286483773308,0.3024491157263,0.288728190459461,0.133860495304813,0.459806255282508,0.200351003575885,0.182151993372715,0.150396392292233,0.413070120903295,0.09665819732463,0.108656682810963,0.983558717716511,0.119686877064692,0.177142158445184,0.0412832266619408,0.273974894386827,0.326229509820357,0.209473316494587,0.371663250678933,0.368498061473945,0.884606367062749,0.476121670327137,0.488640264025077,0.226815879147957,0.287916752813373,0.606937686440261,0.120621346311261,0.42241073618547
0.205705117911068,0.491305932952707,-0.170888128175167,-0.0367894562566005,-0.015677110698277,-0.227446434429911,0.0328169735668542,0.0368418179961303,0.0199745011903492,0.280191581558868,0.0352153438418689,0.259434909721486,0.449123783893014,0.171388473324137,0.143646186469774,0.910953489539845,-0.0215018009457503,0.131299292505117,0.0551445220315038,-0.00672024899862989,0.837422512017253,0.817539338709685,0.0439654503814063,0.182352393419324,-0.0562763020401416,0.0952108721076856,0.126721340770868,-0.133070407296289,-0.172872957290601,0.170366081700502,0.0235928222817383,0.0488396218463787,-0.0172232572187208,0.875147476943955,-0.0229702726331161,-0.0816226843046733,0.0712781500333786,0.220019584046717,0.143515562116992,0.209943729738073,0.126797650347573,0.164380968748074,0.961615970650619,0.861166908101824,0.139546599351279,0.0503333109219215,0.188556783719205,0.921979086031463,-0.0151720534609284,0.145613017434706
0.360492731437705,0.638651008953826,0.270752767107706,0.378250286942817,0.241301195020927,0.192677819142731,0.396140145722882,0.281738414468644,0.465952230688358,0.27210863032905,0.229627090104385,0.226669705771889,0.283323622213189,0.325481514749247,0.196597633089893,0.723429729484741,0.384815986334075,0.338379809524562,0.345275276740779,0.366860843644141,0.595325327025911,0.623911241394634,0.187877313910752,0.368806739515918,0.341498923317211,0.162489845821204,0.219000274418624,0.367161709720766,0.217102978407475,0.318524139478015,0.426561831721293,0.330761739877763,0.220653093285991,0.656367945578314,0.281346656655146,0.147544279912167,0.360819336773389,0.21778114233616,0.258755541137365,0.310036147627569,0.193054860365447,0.316096719734394,0.683335365648082,0.756810729251649,0.250045093649411,0.414098679073397,0.403865072912132,0.698358131704433,0.39613477891856,0.415666825591383
0.370403760887547,0.692028321896298,0.310320633833541,0.361169621990685,0.139373207840232,0.236703204602121,0.477911172078558,0.294260527103321,0.34380195968135,0.244033527536725,0.244566688862312,0.199522605378839,0.0554196598845049,0.215084660872255,0.157264273931978,0.746401585800225,0.448596112856449,0.184507802605008,0.240053477631192,0.175459143448809,0.612466440833199,0.749918485720874,0.234444266761448,0.24472764006398,0.415280004544536,0.480226947181516,0.226196429873368,0.405514362512398,0.206105802328821,0.178657068820899,0.29452544213379,0.328311531878051,0.0880707596781978,0.623461550738815,0.204189344956378,0.165073316211503,0.138925417589923,0.210733375366287,0.296292958217684,0.291382822482807,0.306198783420072,0.304224920863038,0.595925557984723,0.701410943942309,0.18601059791409,0.448410737726404,0.415377672070874,0.722233275882559,0.300597349002824,0.422276433556285
0.393303572206074,0.687376969887277,0.321323345171625,0.31990836097086,0.458953031058147,0.351420285690992,0.543583092183581,0.329550117255593,0.261866709485182,0.259745062915394,0.490385623995217,0.169820857896868,0.543477815976613,0.400144176206194,0.239232953204845,0.678190568296995,0.493311413660691,0.348580500734727,0.359759034608345,0.264514963721393,0.731915420547247,0.528480588400632,0.313080430266199,0.339274607847386,0.291666533665212,0.149246336738792,0.318835671721918,0.462571909786961,0.263678606023874,0.382019034868392,0.214725392203374,0.524960483596877,0.309220436996724,0.390507387101614,0.381733617165323,0.144149288399019,0.305292960320586,0.250471256425978,0.179055037414616,0.36301043900626,0.307048971306551,0.493619036791891,0.655569998368101,0.770261548566618,0.253293420857775,0.70923992991886,0.571525568706686,0.744408365290547,0.399965640443361,0.569097986390569
0.325370798600313,0.737000101713854,-0.155795230558096,0.311492787667751,0.420550174384765,0.263661718658005,0.46652818217297,0.295472007558386,0.25299116927009,0.266142073134259,0.297953349947825,0.183664713075831,0.25637862365516,0.334770509065333,0.268170138319241,0.68734103889294,0.396781314246279,0.370501332163657,0.266711220714439,0.272805725232126,0.732614198762377,0.505695943583454,0.222374768310817,0.2660099049911,0.0393512414770935,0.111736044837725,0.262377378369749,0.362114054895942,0.32186786803765,0.315879344303409,0.490859885197235,0.444251817670878,0.269162399576536,0.529411327935013,0.28722278160948,0.0374236501489226,0.0553688507376109,0.308981019949449,0.060915871133484,0.334478435748292,0.00541609601449816,0.200278563859904,0.573450467922332,0.93519899394057,0.0963678408060173,0.557861991608756,0.514179970105628,0.792052400223665,0.337543880153129,0.344083524235654
0.316970867810985,0.512193465008198,0.261899884137283,0.307409760189153,0.143339882656115,0.204798869220046,0.39096313618955,0.344735398132007,0.355490682818419,0.418689842054397,0.407592475176567,0.313771511289145,0.253574761542688,0.332893753070859,0.257994095006191,0.801469674529242,0.280567673647636,0.409358461078674,0.201857466575905,0.000359502403793233,0.639786143340394,0.648422174817576,0.255181673267457,0.355010975734293,0.260861707943135,0.248007858146015,0.253499784644634,0.229284541986856,0.201845635019073,0.379958670088174,0.357984149545018,0.18299838970158,0.233559597537715,0.886777944448825,0.313864373942761,0.203204007241956,0.247640642036619,0.273587045575592,0.412738217335226,0.256889051383924,0.340930107485277,0.504070112191757,0.85872179639097,0.495547444917056,0.429515171911486,0.299221618970983,0.243511013201082,0.638335572976248,0.235036410518657,0.289681366370693
0.876088483220782,0.199951863009373,0.599257566447274,0.908079811005799,0.362654222108817,0.675690842357584,0.69674968893579,0.77424699464054,0.644065118420001,0.730337831483341,0.513223415372694,0.843791880970091,0.528074025781954,0.910716592359542,0.85889095353314,0.72402120477041,0.688615766891978,0.862006026713412,0.504554232134437,0.676227349005284,0.550755063521106,0.204836946503491,0.314074268423849,0.81178871454391,0.759543939000413,0.83337095958863,0.972945184579738,0.400457183810546,0.597721957482072,0.803383443622814,0.836908796692656,0.546972836110419,0.477122235305488,0.320286575683991,0.801326849388373,0.406037120374621,0.312406301234336,1.01547533310075,0.603183331067283,0.861091661425483,0.584072353992693,0.638610678745336,0.409967160919021,0.829380146039087,0.676914047278,0.622344821212713,0.696992105022894,0.614694186329016,0.802482773879834,0.438440714283222
0.469780719855478,0.804314049889348,0.425430161970751,0.828517483888132,0.366815341768616,0.392134027111402,0.714295785428678,0.860899178568743,0.525527347991768,0.480352237752872,0.599473254477457,0.562780701188849,0.403168367526772,0.625667688208879,0.418069159826422,0.813664503213191,0.476301981694349,0.594332848009605,0.47059633603674,0.49664593550815,0.802458344216827,0.450667538301075,0.344688581981138,0.615944051899956,0.679217280225318,0.379790511390341,0.561423176467505,0.386752324767298,0.342695352663088,0.405009932247653,0.626056775398785,0.507591670437628,0.171655274343981,0.404514272245699,0.518362999974491,0.253030796630759,0.315882367261594,0.455831661277675,0.412032422683731,0.477445660686942,0.311679048580212,0.608240281796564,0.420530539129468,0.762212088820205,0.333689519264767,0.649401919276016,0.556544066517354,0.673324825214151,0.578941362625671,0.299149701728252
0.523713608812358,0.159091390585558,0.0643582190513223,0.37663975943737,0.242574808748576,0.218424228190884,0.434008416284502,0.321936589223333,0.361397328879691,0.472436684921305,0.312144491549785,0.356469098318902,0.173996268392032,0.395272193473064,0.324813777645865,0.814308167494654,0.338003344966782,0.363191300043021,0.301559120953229,0.365722287132055,0.782176937948774,0.502964623940087,0.390159239132159,0.400665756675619,0.43110644660803,0.293444779747879,0.364885061495597,0.256237113976008,0.232756616429342,0.321812798646441,0.547873243815226,0.354028836004061,0.346992235208052,0.705275552521869,0.303998170592015,0.159059043412248,0.171197416098058,0.425479721449875,0.399838462781735,0.643463134556408,0.236184662066002,0.287974179785035,0.843297546581244,0.702892732850496,0.272202007363276,0.532921780063129,0.320148249637109,0.752047986413855,0.389845781248678,0.48016086673512
0.694245537059204,0.521522300217301,0.448361664559142,0.664334412276536,0.47528639794708,0.404309189019418,0.653425729238629,0.669349497307181,0.713647277556567,0.610097953425581,0.664303431552891,0.660525102877375,0.264394644383347,0.78441470535766,0.619388718782731,0.553876380314828,0.575726411085771,0.72514443674378,0.455582813799475,0.527128198490805,0.535718703373849,0.382656496791782,0.539685775964515,0.789136070414481,0.569208577278311,0.510823348311618,0.686650293365631,0.472010071921679,0.469223422581049,0.456152544556626,0.581260565056078,0.388894900645125,0.383298495464984,0.404421079397103,0.572139020927545,0.29130252588431,0.422733614273384,0.578624594914717,0.482210127800914,0.556763093700851,0.425271043629063,0.489337404412058,0.431540499182958,0.515403416286771,0.490882717183123,0.667436559268836,0.597017752558186,0.500918020837529,0.564596914471693,0.506071681122928
0.364859362125808,0.520163478282082,0.211329306073364,0.260636412073222,0.167032986887263,0.157180458202023,0.283221314597303,0.341362051692473,0.18573429786239,0.502233599809923,0.274918596160883,0.342169434738181,0.077292111218311,0.347737186845339,0.280397399802572,0.864052978652646,0.242039527504394,0.299652389671254,0.117169334435846,0.122806080021724,0.739416762591595,0.507623238396739,0.232835683351644,0.323823352411965,0.332982505814364,0.256002652967089,0.190676046411775,0.121998067266783,0.176372696634684,0.350687622369209,0.407018539399677,0.213991544923744,0.369502898187592,0.752375218202647,0.238450944488505,0.0989969086900394,-0.106948319404769,0.558500782308917,0.448864045112554,0.463794076355572,0.263068981719517,0.351741309296506,0.955741701792127,0.702969212278016,0.283349675737432,0.41967862751562,0.316650990450956,0.781905198314404,0.229343324641521,0.235989093831426
0.546868973580824,0.131975924660311,0.310640351898475,0.489422051790625,0.238423411330972,0.208987124916403,0.495746666619892,0.377497589403885,0.331614960602381,0.565055827267706,0.372247570798057,0.414589969640688,0.280415051557098,0.481290176553144,0.428385286331589,0.857981658808569,0.251844594636656,0.430862370523537,0.380515202613147,0.251359460749932,0.687850297920849,0.589349997595666,0.463129500562887,0.45380703876244,0.42500281498958,0.25539890475892,0.412215547094321,0.300304092984422,0.303363110291687,0.458579416533325,0.544204990643512,0.199764530731868,0.31995794507594,0.847739460171662,0.306775113513983,0.209580949757749,0.225766614949152,0.487579856825922,0.482818197039126,0.451275323916679,0.419009524735402,0.427312120800564,0.888591251200674,0.491235917190651,0.381685399408795,0.455460175353227,0.406861373349999,0.719417560169518,0.308386767436586,0.414832230681446
0.821333378816269,0.150781671827869,0.375598242884438,0.684000994631779,0.519678155813071,0.465628715571263,0.711755513670086,0.66080647133957,0.567600522835942,0.634287021972801,0.716636343747766,0.602319429992472,0.222976598240608,0.702197627094672,0.504800667631257,0.742617883605134,0.542273829105111,0.544126176194994,0.434296881424974,0.391888385882531,0.53991979167927,0.474185264580974,0.664089723492161,0.63063194173946,0.632120177541274,0.522898312474994,0.64265265862425,0.28788495733995,0.449595830040269,0.44023424550946,0.544153179158036,0.442552479864626,0.608170639187678,0.736448560377469,0.512524785503733,0.249484692735721,0.508426198510562,0.520469436018661,0.495945977556946,0.51619235151775,0.491620165850881,0.468211441010653,0.764690554093258,0.551014149725476,0.645833461943432,0.508906421850468,0.515257504017038,0.709557242502718,0.508676977491609,0.521919391366785
0.292704401086257,0.661454828353857,0.234525402922391,0.313250757832147,0.303387433683262,0.154929406044808,0.426837775750756,0.328349080597554,0.413923917754975,0.159796262131303,0.207271856630098,0.193575895765211,0.258786920158404,0.327547842056295,0.290373324269741,0.696935115953137,0.661203525732905,0.260572902364734,0.14017170336817,0.384125500572856,0.698904464143329,0.818047766175767,0.202180386777545,0.299368061815071,0.284487898434902,0.088890991670564,0.299328986073384,0.322770918893401,0.240814607309797,0.26907538475278,0.440385136046338,0.334367892780565,0.228606079251853,0.68537887934647,0.201924193562691,0.364048026526555,0.244869864768516,0.169399773483229,0.18814350085003,0.303306358164636,0.250488498804731,0.147828567206946,0.713359406480377,0.931403702349922,0.244397433843962,0.330800222217671,0.390773981093694,0.755915611015919,0.365998668256791,0.437126467126195
0.382181441623908,0.907697752127305,0.215651012330407,0.338202592423575,0.418994615633438,0.286529378312797,0.490912647366201,0.260067535638823,0.721816926853968,0.183399436284647,0.377053453589005,0.369666341579092,0.151832959992617,0.436617696745274,0.235680843690457,0.703789270734129,0.466832489052175,0.278231864623204,0.287764056766271,0.217916950835855,0.597228024334579,0.309986840825838,0.384165472923653,0.301492609437441,0.334583066747578,0.105250620537073,0.398103475896563,0.236541736282168,0.251305406912356,0.136964398821196,0.650304550601638,0.827620450787115,0.274115917862398,0.338990380397351,0.328478865361444,0.236630066116207,0.300486921204638,0.178464354271525,0.335524282461593,0.552078161806541,0.257232556769096,0.415741982392332,0.643434995594637,0.89786747338268,0.0523677722563684,0.331930598513517,0.606365831842255,0.581649371734458,0.519062868736625,0.194393650963771
0.471347373613805,0.456943416706288,0.301577998471717,0.3978034518681,0.268620695591105,0.227103765835533,0.494685540442253,0.322103689975756,0.352096177964226,0.397119362736954,0.359060937484369,0.410911701840458,0.285743552999057,0.290031679298062,0.282458623915146,0.780246149572868,0.263809922548861,0.307119925652538,0.229362832650669,0.224872496073323,0.62703133616061,0.642226454068121,0.249075203762723,0.387182696873044,0.337569187891634,0.289676222383987,0.285827437104748,0.297685026801731,0.225039879261037,0.282220115826575,0.445628458376528,0.184687847636865,0.111577988466728,0.776213948873686,0.206293376794865,0.181695678219494,0.0754695803734922,0.166585099253123,0.412759934093734,0.347371598727919,0.320973670204013,0.288742927416868,0.819156362719807,0.597112124662774,0.306503235299317,0.408683149001479,0.258908405672011,0.693427972871033,0.277856929340323,0.431054069678034
0.396170215253226,0.407050262572071,0.287300933158271,0.45561231591924,0.450387735683654,0.379439391628642,0.611441575321316,0.373967586008955,0.352033893471489,0.362180925616352,0.558229325935467,0.350352785579038,0.322391543265807,0.537261106590376,0.414757192927091,0.614111179627486,0.568501072846061,0.522900214739508,0.332709265891522,0.301621555501637,0.645106960592951,0.631431238334813,0.312004626074929,0.550920018609228,0.525730653420863,0.234219028101386,0.398583886830954,0.375495102120239,0.364524582056451,0.444295541470467,0.48997908994414,0.476954190570261,0.269113548311389,0.543138634533309,0.496564471918089,0.138407017887168,0.517282610214792,0.335609611189392,0.3522027529954,0.337041707911777,0.305716244349368,0.403646370919303,0.608489966376498,0.860239595043152,0.33473230612427,0.542684120799983,0.553377629146107,0.73082917781407,0.526064832301401,0.533594127060959
0.649312573948034,0.33471912571269,0.471800306147084,0.570470147240782,0.422096010893896,0.234268172220517,0.724071008398448,0.305936692178858,0.496990669569208,0.629659651964015,0.639958877743006,0.622841408266952,0.256995240634251,0.5739147198764,0.458523184521271,0.48814434011183,0.4753057449269,0.570151372933736,0.581433637465135,0.368610080467254,0.362135459523818,0.439352071207126,0.452648094013654,0.560641433487347,0.458375704895545,0.337898176042887,0.46243850686053,0.507838897300899,0.556166061889562,0.591274832859298,0.48799989119895,0.463685523862142,0.885245244845999,0.514966436402523,0.453773013581283,0.214527361724975,0.374945263063867,0.720167248226325,0.399447561128599,0.537696956934254,0.816667675097576,0.471481051191617,0.563127556858139,0.401965305418672,0.601408896088145,0.614832956919408,0.504869699028977,0.526843856082134,0.506123069808408,0.528855162859708
0.480702852085518,0.255498064809984,0.260621011877546,0.409179220093192,0.473711394711361,0.264505863216961,0.415808494571049,0.543094435054794,0.334760327485625,0.374520578973115,0.329398398618926,0.495204455579441,0.371883781549855,0.678823484254399,0.638059807103431,0.856468177930532,0.450389339037857,0.64160253606979,0.553197196560185,0.280133888964458,0.779230282824731,0.497395569602313,0.385251522869126,0.461725807173093,0.52858538523458,0.31772130044086,0.627329551529378,0.364485500275906,0.44031593070663,0.462937880491479,0.612129848102787,0.427317718834158,0.851401088352455,0.583724120097177,0.606448008564142,0.160791798724596,0.288366030100896,0.602859604919609,0.357099882038855,0.532992824499394,0.296536512980497,0.6290353917868,0.694388266263403,0.856128825813986,0.270817777018803,0.507786321702766,0.75365715589043,0.849907389119925,0.574323046231883,0.432540991644013
0.763322745679913,0.667430160710015,0.276992781754355,0.349589702391663,0.601918602547285,0.339255946149116,0.448467600260621,0.823207515100395,0.535544770573714,0.413070038684553,0.503286661815181,0.428009817004062,0.269874391499423,0.762860447118089,0.778092969508677,0.764232826029965,0.675035486746225,0.780335642501233,0.507425555018204,0.286354547725944,0.654544676004528,0.410549064058893,0.363919862619368,0.8378994967946,0.436254519460382,0.492272697721916,0.907319049229593,0.428781194091727,0.482102998168661,0.351311675163218,0.555655328933749,0.448905236896137,0.637647492577119,0.466776414393163,0.556766319837334,0.243984202034895,0.161464431221736,0.84926549539459,0.412998818437317,0.292554055456384,0.375868234009354,0.459891450818023,0.622196593712981,0.900592052988057,0.167388085679779,0.4679559714964,0.755717703194704,0.693268592736333,0.342992216543957,0.421010151623967
0.354992776754216,0.553045227034992,0.345500645737174,0.388537247840283,0.362177832241223,0.288120266135444,0.451436609868763,0.369340983926251,0.324514528430308,0.426449953516159,0.443932039722876,0.326163139699718,0.378410614102124,0.488626586349727,0.490892407842526,0.816674068637332,0.537617733055138,0.412554862956519,0.330378302664847,0.189918811152296,0.594331883298377,0.365464554101498,0.479153860135711,0.426620186936783,0.467465457658051,0.338579827245659,0.474638942881855,0.20187482390036,0.248476303556786,0.470198685221767,0.208062435171137,0.254449616531893,0.223105426796349,0.491575031404748,0.288227409424253,0.225991754431093,0.233242675796181,0.362847679132705,0.392031288098267,0.436826917152465,0.666575046057606,0.230347300345551,0.671947528650478,0.653984138951862,0.289025020149772,0.504014975333897,0.443837800204677,0.75648937950084,0.462387400733594,0.517285950659895
0.326959674397766,0.842709479956322,0.35247931936143,0.479123749150163,0.416350165756182,0.182688775195087,0.54288639317806,0.319691172862653,0.249274861203419,0.280825304066531,0.342555487571194,0.292899726566804,0.531366527764649,0.426816859885241,0.254642104337684,0.664630127556427,0.462008605757158,0.293509739106005,0.28917322998967,0.251442264859902,0.674952367492183,0.55913994699479,0.264730716184255,0.344894082294434,0.465028782804501,0.178333367348472,0.450268096522604,0.383495158823733,0.211587878091753,0.232068063508092,0.40694600332001,0.334772967490195,0.302938164298875,0.477036947023661,0.289478455382273,0.147010349496153,0.341444047004065,0.135889636192514,0.382215313252849,0.1865286705368,0.219560042177695,0.275761796519828,0.673046807033353,0.719249770411201,0.174936755158306,0.398591971524015,0.446115744701604,0.803453392525903,0.404424337606949,0.469426249445243
0.385970299294756,0.558811509862654,0.351321719471151,0.434936318437343,0.399734853843572,0.291940561383026,0.453151561266969,0.354333247599286,0.34332444523703,0.337967943012239,0.497367941410755,0.412650133884371,0.176765227656631,0.348040500945456,0.246987558482735,0.785134518845607,0.447725716522783,0.292388682215514,0.36877562418062,0.320583696684735,0.645241664827193,0.751727541588559,0.282117761066022,0.354146441203978,0.482945509668834,0.176950589194279,0.438648157047003,0.411895360121137,0.24097973007374,0.323863257826754,0.479637517443094,0.330850658716463,0.212387459223191,0.692852945803927,0.335568125790221,0.186873795838954,0.0995300026143365,0.30424926445238,0.46172036614903,0.323630130337288,0.319928168884154,0.314948463777984,0.69521272505056,0.645972918919208,0.361134192894519,0.64189005498271,0.49709066035275,0.767869121118452,0.528384631780308,0.298027315470061
0.401336839349837,0.531234392895313,0.156944160751953,0.240913121002998,0.223558103013604,0.245317808049926,0.265225043362386,0.465747674277131,0.0586946941754888,0.309510215309627,0.324996288767382,0.333286471001603,0.283207279386946,0.548426856900936,0.431757288884684,0.911840702468349,0.432320750087175,0.463113602224342,0.29839113002243,0.26490828324375,0.883179856586315,0.530573417737757,0.223081725350794,0.445180087810997,0.46398961264637,0.451665761785403,0.420142327511786,0.183817553055331,0.216266356403493,0.43598474315026,0.441794408451291,0.272332182981404,0.399947006626935,0.505488723700237,0.498384175129754,0.0953500632070741,0.312275319036208,0.426133523731671,0.357534217209006,0.196541752433859,0.152464133298835,0.283556313647661,0.785533902806067,0.991573891950783,0.392288603847458,0.17730539738989,0.429489585489595,0.775519367584073,0.244304967152273,0.366301016320868
0.658856939752311,0.460889226556637,0.616169549606213,0.551416019007328,0.566140751266766,0.365175513055517,0.594613614726427,0.565078627795408,0.522797211060108,0.47611944968282,0.425368332630791,0.557024795092236,0.344915514426577,0.63626472458172,0.606471047281111,0.659924419768969,0.52448838113044,0.531340568683615,0.54186023904863,0.616132266194658,0.413036822037994,0.292948608764834,0.373796769670649,0.707741064102892,0.478299105168684,0.508875773446558,0.609724492496146,0.398780981453624,0.41302664191886,0.51616066878048,0.535521385677704,0.451829678702245,0.581067957284361,0.468118391412955,0.516495908658356,0.876520484312324,0.460134069615936,0.73906102603078,0.471243164754596,0.752445402720762,0.339034418278939,0.434892556309405,0.588316490428254,0.825030378598924,0.489849158525917,0.660171322530987,0.657964582915796,0.592795355821176,0.622666390418471,0.484343434329746
0.297004365656985,0.596196533875234,0.341653004197103,0.497803599864746,0.500253115905877,0.1787602562861,0.563037072106972,0.317362206125761,0.353009683857709,0.320223712797669,0.263100851592977,0.315531143723837,0.441968700079029,0.429186501292406,0.265898789418492,0.759918535710965,0.478315428634878,0.384500645895319,0.442042036509972,0.340601590269949,0.543640996150204,0.757722256130494,0.234106156872763,0.420485670641887,0.454350413593359,0.184662985659919,0.310338403319863,0.401123855202504,0.247529599710176,0.530721900640675,0.379185409401872,0.504222634438024,0.254067358646245,0.57909243552192,0.40887752340599,0.19126612907258,0.57719185252805,0.168557587493119,0.32589290006349,0.346997188187185,0.142468681119964,0.342010326615067,0.510147491670945,0.816177884863557,0.359814559966121,0.537957092653717,0.378826587549646,0.685342087370564,0.509879442359116,0.505256272302875
0.522791394188662,0.193828453903864,0.284180925834947,0.413863359950582,0.318291630969413,0.237558171527217,0.401928106691825,0.34490249888443,0.281839270156337,0.540436305696413,0.342781994342079,0.454224100202818,0.369673267851226,0.409527956178567,0.413966723485861,0.864801020925698,0.108396986826799,0.390420938069066,0.360182846104105,0.175252133173884,0.731073519083235,0.548593033047243,0.487688573386455,0.369395358770601,0.432826452387006,0.225786028935674,0.343827048871424,0.376342727175728,0.219128484311851,0.308876085170648,0.545552089265893,0.293070032140257,0.264052557242205,0.794004463670798,0.297695552697447,0.160308239102546,0.0214545369760188,0.440760964612539,0.440861419602518,0.393145687400192,0.419308239398219,0.412326407471147,0.944980796997256,0.545593670300041,0.347338030461271,0.379128946939171,0.361576592915242,0.765744052655779,0.357304740851895,0.40718657386283
0.426614408854761,0.602537702906259,0.379743552967724,0.437284059237536,0.497035053739069,0.313704339691491,0.494524763748671,0.37812421722547,0.430335881591303,0.342726840333936,0.439293574979973,0.304135933679898,0.35401352343883,0.478304428380117,0.361545591807327,0.742530901945477,0.458243879446482,0.469108013861924,0.435303433727402,0.320997717234584,0.516253941525887,0.606128103976349,0.327465469166612,0.497217708795288,0.458949040155204,0.339056983087598,0.384121515993535,0.43017168013781,0.291353181260846,0.467672757246019,0.361994358520875,0.404347018836858,0.354730275607269,0.556744790428429,0.478329529317864,0.103620947575899,0.51993248083847,0.200638224879567,0.404236106379516,0.396361777942392,0.306508987108382,0.377888459761534,0.676018293912065,0.734612575414153,0.34025077109757,0.471439585717236,0.551695163916012,0.677702466247257,0.562702766273319,0.615969603976215
0.753489493367009,0.459234251122716,0.413413172633565,0.773396612927068,0.487740590199891,0.442609542790505,0.568353421441409,0.852941005234611,0.557572719505206,0.612393702887304,0.684689040932528,0.718020562671168,0.335038008478491,0.819485398183699,0.643092796077339,0.77128703862817,0.615554908378105,0.759999114611757,0.47219622443323,0.437058027871089,0.62013616317035,0.304287723647903,0.446193268866033,0.752135831952162,0.615612899856935,0.69372010388946,0.694537039538563,0.444962261162246,0.561449990335762,0.464859566873029,0.743845006480338,0.653517364614027,0.557834295580652,0.472470497442422,0.676004268305852,0.597889400423219,0.427680711141162,0.857033553013899,0.471840375613554,0.523824566386554,0.362954569355272,0.547810879344826,0.672488579729549,0.829236747112489,0.606069138247871,0.692397323110751,0.67174567451961,0.617605530122878,0.642331479579117,0.445184624877309
0.315604212404784,0.808634406811585,0.257423831228203,0.319545425194984,0.331319435511775,0.23221192265383,0.384167641274161,0.283513859963135,0.278808091509779,0.193969449431331,0.343235007883849,0.302355100854426,0.318273007216781,0.377111261728553,0.272752859889917,0.836671152192538,0.388874340323578,0.241033158711475,0.243581708333387,0.280299497184398,0.80953031651453,0.618082061376539,0.171719759533294,0.253216633377606,0.44919039625643,0.242866260502255,0.354095832594048,0.270884836845025,0.285496827232974,0.400413733891782,0.440385136046338,0.290698863108278,0.220135269875437,0.653124834447148,0.236290046924653,0.19259591803322,0.144970749811241,0.301578648352161,0.320333409885554,0.352459741973788,0.213654683074316,0.158639688966025,0.755140573142024,0.903211473380595,0.470802148985968,0.365019795537381,0.420009177479564,0.762312067088563,0.299160775931023,0.152491230657979
0.471336262594242,0.576284566286055,0.23404031344456,0.6784095153347,0.397216793114861,0.213662387089082,0.67314767031799,0.412275433501863,0.449239225137132,0.453030427752675,0.518472463584939,0.503822414431276,0.38149369899758,0.687069836351332,0.461775115766837,0.708451487691759,0.551145579686816,0.587486062537931,0.411124987894346,0.467902558834862,0.538833738790694,0.648611357130537,0.277097341506761,0.5971910103328,0.444340935518484,0.294535421672313,0.569189819906839,0.346675850233604,0.241816352077722,0.668766340915292,0.409256795572248,0.530671049015561,0.447997111025102,0.591878494349389,0.62573496708361,0.123124518998609,0.668385689086627,0.400336037087232,0.518770290748393,0.461480411219243,0.246582230137126,0.387308050997167,0.67323574550541,0.756055494904896,0.560777121376714,0.723184662950345,0.521193392581644,0.684290178481541,0.666880917183885,0.559054068336502
0.389936933278605,0.679781503685281,0.340848196654337,0.511459058432054,0.521243436806594,0.24256892705025,0.52448282098607,0.393706362388888,0.412418709180485,0.434138322807243,0.351487732840436,0.371796980852424,0.52201256453466,0.55037944142044,0.401479307502885,0.70020562635625,0.611077086275992,0.465003648552111,0.524844207493903,0.42068351512455,0.346332969044309,0.596503453804485,0.380395035377106,0.547728598587746,0.618945411053701,0.327751310995922,0.439118559420262,0.539315310878337,0.350907458123223,0.610808675871751,0.510154482388565,0.474098907860919,0.280163704487544,0.421913377078706,0.544852950373466,0.223382547303778,0.477121453157838,0.301357020460027,0.349824767938822,0.504662426917205,0.256164077398251,0.373022968420814,0.563582726813548,0.745099816912746,0.467009357842112,0.801149798919306,0.555948587250523,0.685118955181984,0.61969747273675,0.488468443654721
0.452969747257258,0.387364765305429,0.455241115335659,0.29283562043916,0.296192974458375,0.245923860553792,0.389666204194657,0.321195079634457,0.305611184884479,0.418139818745859,0.295067850649161,0.320057427155244,0.563837810569252,0.206971008694123,0.263487357325625,0.833748568428054,0.256794318365456,0.284096567199076,0.248328397085888,0.209791797545062,0.647590569911787,0.597851377784328,0.312916498198958,0.317422118017291,0.383722676294156,0.262059610797428,0.136809970393095,0.444714640359519,0.25384829747709,0.317246317090284,0.432665224710387,0.252720639112741,0.208655222565993,0.764499607805079,0.224803170401019,0.0911088423553381,0.121021158661121,0.281388347378721,0.363028557111419,0.415744723628071,0.357497282246118,0.234940324171191,0.840188649904673,0.560621877807596,0.365286883927938,0.504672648815116,0.328314822439369,0.778664468908828,0.262405787856958,0.458624480840774
0.421325563542962,0.446342863532171,0.246729813194194,0.468587269906783,0.356655598674012,0.249148925663649,0.556348761653972,0.311022821330724,0.477288008366582,0.296381398075396,0.428628060507438,0.310549051890673,0.270153614282408,0.39190730267489,0.225905038069169,0.729735899809893,0.385759789587448,0.425423854864712,0.332211287384005,0.343375527953939,0.56345935661305,0.725785916923853,0.227313221836457,0.336073990650049,0.425743373033306,0.156695810597649,0.402277045889091,0.372104601898282,0.233637271170375,0.336799971302547,0.471762171650714,0.407725934707428,0.341091002378347,0.676963565118187,0.291554054358078,0.089990610729346,0.349978040989826,0.251867512146424,0.272426240617875,0.441271842289895,0.20531365056643,0.409815813939336,0.727366617749678,0.744363702422873,0.257953663017501,0.487963631932879,0.415169726930076,0.695638044072213,0.379960030258288,0.467277407378279
0.688456695867088,0.704867447104719,0.287102487462795,0.713205982846746,0.677693758221297,0.30638842018054,0.608804837546576,0.916846599239273,0.415200749856093,0.714674124218458,0.604072326738467,0.517963075081151,0.367625634109337,0.819864540808845,0.566697426662258,0.540959603855724,0.616268004169542,0.644400545829527,0.544477275034942,0.270725271969133,0.397444806924489,0.324672117869395,0.511243562298171,0.791775659884699,0.55473186197193,0.391865475553717,0.505565396783326,0.363409302171746,0.564939584747107,0.373351634951609,0.680728254873252,0.738049540604093,0.453321898926078,0.453477794898412,0.732216037828686,0.450877201161026,0.199741459736379,0.644835927689857,0.978850678110327,1.03120845070247,0.403200625657095,0.366123701699674,0.436143727411251,0.254895366298931,0.435328939358273,0.575824698564567,0.823460558835676,0.602868180334244,0.409180990666911,0.406524653761845
0.806633499934944,0.417485318202796,0.61577265821526,0.804110052960517,0.60368805062692,0.587748295100209,0.74695489111825,0.824251894803037,0.638802078783683,0.724718028113497,0.790329829249129,0.723363061147583,0.396664803539752,0.864868770413718,0.58670931125036,0.561104556232347,0.615596855189366,0.66827627811708,0.692684155101894,0.774650384218209,0.519638385411216,0.346037895339369,0.51072102883384,0.836152033382261,0.965622131393974,0.567780175240316,0.645144790346407,0.465990981640002,0.531155467244216,0.975641825968937,0.675764714564634,0.645109594421467,0.566715455584299,0.384310062669932,0.706057804161003,0.618783205759324,0.523549604617558,0.891352632110904,0.76588528580593,0.875348062784192,0.470503336994828,0.665254109327117,0.363977819197927,0.381746056768239,0.593057373009824,0.922428899315468,0.612377336821697,0.478519799240961,0.751894119188432,0.527397020028554
0.364348255225928,0.243268667393007,0.266320813242065,0.28008750131154,0.169346880529862,0.120957998729905,0.436098513301065,0.23186928366749,0.4152941765952,0.403779427581641,0.392702117021006,0.343748863851248,0.204547894563614,0.31514039964838,0.256303090758496,0.825076496960224,0.331176501434051,0.357039384544792,0.338229410623784,0.191336831535529,0.684019646259594,0.651780160872625,0.259628330591374,0.314239895171663,0.29897655822586,0.279363813473491,0.170779026879048,0.27236103778436,0.270151418370469,0.306152045196802,0.215906694072231,0.223407061954896,0.262489316757514,0.820173015556755,0.223732199239987,0.190168045764174,0.348557387917816,0.307695578175069,0.34143124077565,0.3433490854826,0.346582708027811,0.409728235095203,0.871165971209619,0.653267144318868,0.344652623592994,0.332896556439058,0.277406071151205,0.698007495408093,0.162132987445287,0.375308885521221
0.491302764748242,0.318178081770498,0.350285391950329,0.385486318974331,0.276155433292845,0.306669801700192,0.415272572259109,0.345915547195992,0.464779206075136,0.518782127179845,0.458654979830391,0.371436574209174,0.217264165472045,0.284240275698952,0.323132779340464,0.73796436481347,0.263579215086925,0.345106150867505,0.331872238187398,0.287596609375492,0.662197560312398,0.635877022689385,0.438795834331775,0.450128168420673,0.413416664950645,0.241843783698098,0.331136193354574,0.373523659575449,0.236730570948255,0.313383133127375,0.459669370940573,0.234640475243898,0.192632007597918,0.857198534304229,0.226897724618612,0.279556056731996,0.264990745511801,0.32373035617099,0.400012196849796,0.341179424400399,0.401523227935124,0.316310801353386,0.854616678679918,0.52641645384956,0.463687205015377,0.288688567123325,0.166486242639022,0.637528046960433,0.326317327629058,0.545422351474201
0.506280419118632,0.0912461081918053,0.297785480735944,0.456156719583053,0.438623822626744,0.416700798250245,0.539831636000007,0.523501871833231,0.437145652797269,0.461065550868707,0.50001708581806,0.470399998367517,0.377235551557063,0.624170074839551,0.593413292587374,0.792380091095057,0.335371182560153,0.633199241857601,0.888824115339198,0.295204236978973,0.63880953764214,0.55910447531111,0.330477720902169,0.396103957451828,0.46882712889974,0.620724997946988,0.515613992161021,0.401466714775511,0.444631138937693,0.469247747630897,0.502061528357186,0.518528687597633,0.638829693193666,0.580713991087503,0.669635307065025,0.137580936866165,0.371519574805121,0.516535540933276,0.601445990386678,0.721657335948115,0.315229157457535,0.645363980726255,0.886615985356444,0.855354471610352,0.493891111131778,0.66744683541698,0.520928735129719,0.765180909513171,0.607949497394026,0.440100311058153
0.316681981302357,0.549804959343314,0.219167911044685,0.367135378806635,0.161160752601004,0.179820848167865,0.414929581979468,0.342740632899961,0.362632637985652,0.246173835628644,0.246083299415194,0.288055437273706,0.128506223330765,0.345121102731829,0.233409494789707,0.848570243233652,0.417995914041538,0.242506283055177,0.239237640501856,0.34581824919805,0.827664874049352,0.771520741082049,0.27028391496205,0.291265349887329,0.374847924254023,0.149080792875262,0.283655579338852,0.248827537648248,0.210432018744147,0.185650422353754,0.470508333702191,0.220690097439086,0.239910262006769,0.762896690809216,0.180116187885395,0.115165933552358,0.127842308517508,0.472941334550448,0.364277270725604,0.281312138964096,0.184288733914322,0.238930027070581,0.756033736828111,0.85803125157353,0.288692804867098,0.22368165396402,0.292198532303447,0.895298851482609,0.239548314092311,0.286064788427634
0.472625140863504,0.257640822477061,0.326769577036368,0.407307832498834,0.259987344521241,0.260252673323761,0.44653827993764,0.298991567156289,0.334666900746518,0.463720011183824,0.468857632640683,0.293980946496555,0.335596454044461,0.408978199372105,0.320591269997775,0.81897908261825,0.269787343153555,0.397314048205636,0.381956161698728,0.306362090797411,0.69204296721163,0.55912812310023,0.369175934525288,0.451894026184721,0.440936757414261,0.234657232446025,0.33058572249225,0.34599013108759,0.23456195864846,0.375917185326977,0.522257645395801,0.377325571743259,0.189994039280003,0.756634131383517,0.289497410624061,0.1876394319072,0.206905178418641,0.512258122615083,0.421859255908402,0.481871385283821,0.325270565738378,0.36576365534046,0.813694323254893,0.629721040571343,0.294977210631005,0.528729111620354,0.271753744142233,0.727620324435434,0.415863715771286,0.472716663860281
0.584024222998172,0.735519334220346,0.384583422985178,0.531068932072318,0.489976705904923,0.360695053473366,0.559875130466531,0.579689499835369,0.504412904953759,0.452456490387244,0.681714908549605,0.788904069242167,0.417885735046594,0.671657688639132,0.574712186439793,0.665891361621458,0.54161316682775,0.60353292645801,0.433714140618306,0.538430959501691,0.377887435915486,0.331092492615491,0.409451994295604,0.625536706316113,0.525300651976118,0.359263072312602,0.516404668490541,0.534029559127814,0.447207054055216,0.6321552436668,0.596586402459933,0.574310439074948,0.395618784534949,0.360983892666175,0.653608650133122,0.221528902085917,0.570592364853112,0.401089571920488,0.717131162956456,0.464581298518141,0.282956484847823,0.629502478955509,0.497677552515197,0.592121842017135,0.587944948937571,0.818146547949577,0.644589929541724,0.642213822920625,0.670828832810833,0.551993587259335
0.796989134954604,0.666733328948364,0.252958803079983,0.854716910209132,0.42037517402524,0.245350275148348,0.634722040551953,0.788032806715414,0.721889592095495,0.756942219776749,0.8079776611372,0.270427312340617,0.395280323907453,0.843191290820975,0.597495717043347,0.266419391479488,0.649888373395246,0.363107915646207,0.389150361839238,0.280765270302978,0.0412783925741369,0.178895321838785,0.487596361598632,0.817444977694377,0.4735690892765,0.519480318586813,0.795033001876645,0.372095078021254,0.546621966133614,0.781293955834898,0.73629089189791,0.961571741352018,0.485143613042555,0.0516302317493892,0.325701922439476,0.0352879284848655,0.152366206228653,0.486516042943677,0.239460201203397,0.999604360956429,0.665380187406339,0.718910747832573,0.321423722423321,0.386430421703801,0.0794248613896676,0.512235893849142,0.95301983360487,0.715688065017528,0.503962889559701,0.549748814742954
0.580390919601201,0.276969193465857,0.440919950978774,0.527258106425627,0.468500272894416,0.259462640595507,0.583380683068182,0.43984705765161,0.594227143481219,0.52619548481666,0.429731050000443,0.559420439250311,0.289396717743108,0.512664228784006,0.461725086055367,0.746497265625848,0.503923956909728,0.459250125171991,0.364569295085211,0.312675904182613,0.567904596343035,0.463721117895348,0.449758791328528,0.523880321597242,0.575945266579301,0.31355349022963,0.354215935327646,0.43265741204211,0.465425599010342,0.496824937766125,0.466632834588572,0.411341967481197,0.62767206423419,0.635660494620125,0.321266395861043,0.262349393514027,0.375438965195275,0.577649432189326,0.477638750135073,0.453185777701449,0.440367623126806,0.422076852117949,0.768821436141408,0.416850113999628,0.49343892921925,0.574262724046671,0.473044640434984,0.610922189807773,0.438114636461173,0.531253424095159
0.393292461186512,0.583644851768495,0.363305634525757,0.46460631811515,0.392676506009426,0.334201901161521,0.441307678173113,0.407251967132155,0.386529121699269,0.36232440995771,0.337660971695987,0.387845676672447,0.427344406820203,0.531185346022405,0.349868657150169,0.768120906216645,0.453430482854281,0.427721558243568,0.376828042600043,0.337434333063601,0.646218270525447,0.569651389258656,0.241165481518336,0.429921973068519,0.407504145085415,0.331539344108465,0.46690232512592,0.431724072093369,0.256413204410349,0.506255068875585,0.464094071800239,0.322946761943198,0.485378099115258,0.591552319379301,0.439954642317703,0.115165933552358,0.306360969013018,0.255613023523495,0.387069008779289,0.423127331469719,0.283657315402894,0.418418002629728,0.849326401462329,0.700225512815759,0.318453757273268,0.577571643749057,0.535588867555999,0.696562448853475,0.406925038880084,0.487662627879609
0.255793594099287,0.80528961435566,0.16158558507393,0.249022467245212,0.259822066403913,0.144842960801899,0.285493625199925,0.250198147448856,0.236932150892607,0.132307053732856,0.254749645431657,0.291118893741333,-0.0597597380967078,0.304704498891227,0.253181236762752,0.717488882130149,0.262058643178713,0.194300836764086,0.0319302473512999,0.225400372274381,0.751346506336648,0.734086290904994,0.12966093853173,0.244975963812049,0.429720886397188,0.260462599408078,0.323459626965438,0.0547118760641801,0.132064754976446,0.175229731253805,0.227875147217229,0.15574970557575,0.0640261669730557,0.813714751149003,0.048159272177012,0.118107587919833,0.116023684024832,0.28405896347894,0.222336537120185,0.18035569674983,0.102969411475183,0.171124539746312,0.725116532309729,0.815719008298441,0.305423535630628,0.153937436510305,0.322246605148801,0.765627173890332,0.235472703081203,0.119366446473935
0.342926209509228,0.586641228343594,0.26098482898592,0.411402201720428,0.265081799431837,0.129366977221042,0.466956920022521,0.256140667956889,0.350165358689364,0.351897881152383,0.505748691933494,0.231609396823494,0.435057936200156,0.459802268272974,0.239272976974021,0.826894413647061,0.509324608859584,0.350414957464621,0.265047760593584,0.322022418095461,0.618982758164653,0.538932911191699,0.20220087828595,0.467851126292135,0.557168536825479,0.215882610746841,0.373592509681448,0.374352236876883,0.21493436610768,0.608807744690962,0.346855042464734,0.402529122579007,0.0726435301449108,0.469143512747519,0.398518483768752,0.195386460018804,0.505786403440586,0.15224577463203,0.335828317080699,0.272825500040797,0.202774575932487,0.362727588743851,0.571148853808186,0.761122256978053,0.273521640291674,0.478869240825389,0.442590129359888,0.700260067978525,0.453321028458231,0.547830205754593
0.813289000652944,0.37947314560473,0.602664217552953,0.976515888244289,0.541436533847256,0.674695184672661,0.890678536734091,0.597788600082154,0.801831738524064,0.703446474507217,0.751104765404156,0.715190310502116,0.473311457469068,0.836328809305826,0.778463189373557,0.612223677612923,0.697340703634269,0.721781266072308,0.473192181448264,0.669364958391532,0.258994111167686,0.511418708550509,0.718115585402331,0.799915160515858,0.624750430557745,0.671108759706106,0.718097192446027,0.521391374311699,0.443860566039289,0.5850045881195,0.567395811542651,0.43320612193024,0.238855074679603,0.401345715393411,0.817296640594911,0.270136718260801,0.695952404015836,0.514097634119798,0.839776556627907,0.329371091961872,0.363379663298512,0.584117175729276,0.49424230756871,0.3358297204713,0.67964559515776,0.789732998331259,0.707928129018514,0.682834506584611,1.04895614787274,0.753015844014803
0.389848045122104,0.293057296762977,0.257126162684989,0.367691124213444,0.238199799760469,0.184030748596504,0.454930823342607,0.406729777280834,0.305476235150215,0.462584093481409,0.395124754657427,0.302885110623912,0.162327082919794,0.444456470520175,0.346016369366959,0.821292794765133,0.264952973155723,0.510059017630254,0.191887301138172,0.0240621788826657,0.770735497052848,0.699383160371306,0.356471199314097,0.345142406042504,0.321121632630176,0.345980611732889,0.341054677437538,0.245475132934403,0.229751382125566,0.166899121733788,0.422157855455817,0.260545496918273,0.323270060852878,0.783632099621984,0.379032495210508,0.209147760929662,0.216769145493091,0.44825198736668,0.368490321876071,0.303757570867572,0.326626270746547,0.44831158142711,0.901945765930142,0.792172904550916,0.285536759681699,0.38649694515846,0.316272908376777,0.778366959324054,0.326700413781539,0.355355352042272
0.896954977959352,0.272204606295568,0.610910738676087,0.861374513347845,0.565907417454068,0.730733396547961,0.777234501742812,0.895186164206479,0.809212450913456,0.820505782998215,0.874531259295454,0.809934856895354,0.44314376262409,0.961891368188672,0.740420596771574,0.520179685363602,0.529668812321176,0.885362922754127,0.494456923247976,0.715062476581149,0.166957443121875,0.35027084959186,0.541048461273457,0.77859610688532,0.703106249377762,0.777884551683054,0.834446715619038,0.430390729309453,0.631616156827591,0.807464550783631,0.753906796959812,0.847903825881505,0.885577433448995,0.403013867383292,0.717791098827884,0.633249697785673,0.794279732595568,0.953497093065379,0.873524399348656,0.736355349739485,0.277303884305289,0.90847029046701,0.417902576745405,0.66993965951809,0.816629030046809,0.842418809865839,0.792344404130768,0.39244390116041,0.792384197249177,0.552137482933462
0.359414962540132,0.507437588234929,0.291931332719388,0.232191320638994,0.314859679474298,0.224116792780766,0.453162279713207,0.285456406210049,0.41900010391308,0.389921231612176,0.40841971729632,0.282532735475667,0.125923412588156,0.291225978567273,0.31205620122095,0.748323880478651,0.291169730193858,0.32801234952077,0.26996397394439,0.207939055584486,0.700445143822472,0.645466201177569,0.334176438169298,0.320907847666115,0.43047338892549,0.199162680530295,0.245462910054705,0.374333189122827,0.27336580817524,0.270016416743745,0.392138280770918,0.147104818479992,0.280251636764807,0.834822931356158,0.179263202004927,0.202357777903367,0.130058930331991,0.348419703354758,0.385885445440627,0.309882543303165,0.300925320718806,0.308039466074163,0.78668470986314,0.780194314215695,0.451450608770235,0.361155963835215,0.331793177521814,0.720809480012569,0.339533799889623,0.323794234183742
0.367637117016459,0.788600493664116,0.195762343739322,0.450054861851149,0.428775191282405,0.197883377256292,0.481298201090013,0.380202532833728,0.591839571259616,0.218780283457768,0.441095781026579,0.271646334810433,0.0975473972673302,0.469811633576838,0.383408575719828,0.614685258581224,0.554564244804588,0.359022080202354,0.271574457628274,0.377635728453969,0.679498635397849,0.733211322707551,0.154281485880514,0.427503115818807,0.456739310508603,0.294778868530446,0.491143060190439,0.183750885916135,0.27864973662144,0.50950410564439,0.410852589324915,0.392026819741531,0.321452793789425,0.719617931920903,0.368692410815058,0.134488170116799,0.472960249478831,0.405943222758231,0.553071910811086,0.270665439228871,0.0737183525701184,0.420130655581661,0.647883637800337,0.79405621045358,0.57791389304129,0.447814721134048,0.468791217100473,0.671433514282373,0.61921861504615,0.134178107864078
0.416081162309412,0.562217275097724,0.307211651271076,0.6411518895925,0.41124598860339,0.304472861373679,0.602695323190469,0.300046390655957,0.298199330248718,0.388833142023547,0.325449302309151,0.337547749548267,0.457558638795678,0.514000706537647,0.337881538281896,0.721724888955458,0.519339410048151,0.398194216838666,0.40668556247627,0.395769828537368,0.651892686392889,0.672980403818759,0.272025693176487,0.454800333754717,0.547171003235181,0.381854940747305,0.351303444037896,0.44067651649966,0.266122422930241,0.686655854343532,0.485989605562474,0.489511506568785,0.206222429561694,0.520017488796465,0.48263236920378,0.0850441987621195,0.520869507332774,0.314831996301796,0.420067623331528,0.447348813374112,0.201005266006572,0.266332474301514,0.630466945921648,0.816015366080078,0.436519377454519,0.661692192456308,0.472704366568223,0.699813803601364,0.522861806415387,0.426535745510445
0.30850427090428,0.571014776088569,0.16719718835157,0.453888370983832,0.368837568145341,0.182483150238418,0.477439560444051,0.575083785346718,0.22792166094325,0.292722547370775,0.281792584251214,0.188180396311848,0.605907376538955,0.331301354045244,0.144996988679471,0.812551137969578,0.518510960525746,0.328401476705899,0.672881562962551,0.38546071684612,0.780451039947549,0.726755476277775,0.199618948226901,0.33014181222395,0.491605260986596,0.26713304332091,0.324090166316828,0.456086149530914,0.169668712418568,0.418481548118311,0.451400257858575,0.393824956257449,0.119999946577997,0.556744790428429,0.282066955843096,0.0155425772511304,0.35669843530919,0.359334877042375,0.222901172841382,0.28876194869767,0.276499652520782,0.219516716621109,0.538934844322505,0.885458686267663,0.258941080663225,0.636793085503258,0.354648238905917,0.84367031318198,0.325157427889605,0.325367493554198
0.84757760702314,0.260140706421984,0.327497211253115,0.66021735956895,0.354225038125064,0.492273381009074,0.679975320572095,0.732920889806997,0.618798375866159,0.448881338881748,0.739996085510325,0.803511138489189,0.273213430612616,0.634293182930958,0.633827293513047,0.595114385158339,0.526292094014664,0.612121519329784,0.406569014314936,0.651572425261759,0.5724087691755,0.434882639063435,0.327301537099371,0.764726765696859,0.777938445247795,0.473089085301069,0.667704087140555,0.292494513821487,0.278748810279806,0.26338957040737,0.650957375318638,0.573599088365354,0.42651232461364,0.64853042701133,0.52190763018888,0.209772358774811,0.385746256632622,0.86526702920669,0.697944406815025,0.552740580455532,0.342101988085558,0.530071297916563,0.646449423035179,0.533940117531777,0.700298311897297,0.736327856426594,0.481674363778113,0.535163499113497,0.672914524085447,0.512115299436263
0.348359498075341,0.44359908847067,0.165422201853142,0.21822963501079,0.241388695200689,0.200361699102457,0.357178593644906,0.252224244071982,0.256011967167858,0.204874259374517,0.140284941171021,0.270936121719323,0.174194051196646,0.150753635950547,0.167810537109908,0.876430468821875,0.430579957419842,0.174131077668237,0.241568603728531,0.134947232646055,0.767090063713676,0.664254369633457,0.225038664403486,0.163277450697263,0.254626686994347,0.0835156850429967,0.267711941453725,0.23362742991161,0.193237234925472,-0.0149181645205588,0.427214656438293,0.182316678604886,0.438178006730641,0.757929511979011,0.143020779705936,0.0587808667894932,0.117242826022797,0.348619168457679,0.137782337870996,0.177418014045611,0.229222312617271,0.357540974974644,0.726413337277028,0.957913383913822,0.156618773599779,0.282677020459052,0.218283486801507,0.797280068641839,0.2689821001412,0.227259422934386
0.426703297011262,0.699467000951923,0.331598422292962,0.339597626812096,0.471747501787811,0.296540066992722,0.534236607063362,0.320944428505823,0.385958180515842,0.333663412771508,0.572548493103579,0.265869228323041,0.430008657541182,0.39127223877777,0.292784756362607,0.753412307568601,0.468625715233583,0.436059997924902,0.356951283448942,0.295752814207523,0.536425900603619,0.692158760795127,0.297240494269021,0.376486381354357,0.434618125073439,0.315773725575799,0.315382718130977,0.454505185944271,0.328373704937033,0.463076558890148,0.546557232084131,0.497158526696918,0.313744064149296,0.541899169646973,0.406185879072069,0.196091651134294,0.534229691541886,0.339931355086012,0.371020324242202,0.40798770524569,0.275879245144163,0.382831798963705,0.636607446263494,0.730262807973989,0.237503966728486,0.56478811545785,0.465879985129297,0.737523143471488,0.462408683297621,0.529497896870809
0.489236115109597,0.444069449909785,0.368619569260182,0.480825010599578,0.214866418490565,0.310890524494971,0.504760879906709,0.323419608401084,0.487938656624692,0.428984843546812,0.491045448066925,0.39762965701715,0.322438080396304,0.422959083674377,0.389682301538199,0.760788352307537,0.344924568824849,0.506075096449172,0.240307764528648,0.274523910514,0.553558595396267,0.514303738823156,0.314033285407038,0.469690561463018,0.432766729964125,0.309804408614388,0.266490896995479,0.32990430278735,0.280543144314662,0.458242626136559,0.344202294408354,0.348505988133743,0.214556455395699,0.625344046280469,0.362067553810091,0.123749116843757,0.340970495980062,0.544881748337261,0.462404444042018,0.370729056307541,0.341918163677671,0.469233194192204,0.813797380603288,0.456915774091336,0.217331116508366,0.499801754594833,0.347719884896592,0.666258972575765,0.48023283066996,0.546170608979661
0.522235843210531,0.598618024246972,0.390305273871416,0.279690540306676,0.379716757162433,0.234733533964557,0.45604554175144,0.316443151987436,0.49146811121315,0.286684248005304,0.223954572711791,0.357772922351836,0.349941524520303,0.230373587231282,0.196847781647244,0.660324535403393,0.545210105893382,0.318247110160629,0.43082162715975,0.054834256250215,0.529008748705672,0.428024780218617,0.356378987526274,0.181543041944135,0.413882499849118,0.349252537506191,0.226887020591556,0.436838394057389,0.336222540316493,0.277326749473557,0.491491985320045,0.385970458839017,0.428202578387712,0.464605021020859,0.473306390243998,0.203022672383687,0.169595403059408,0.466713590781472,0.377209600416857,0.408582922002753,0.270789606850783,0.236176158971733,0.619740393576243,0.662148317839554,0.228414187466446,0.585617867745854,0.414895617426296,0.798353228215489,0.785988786759162,0.545029036631587
0.359714960068322,0.634461307986899,0.210226829987384,0.311481445924755,0.224919216921015,0.196519759122594,0.4426582023992,0.250960544631785,0.462536964336586,0.176141520017636,0.281782736130741,0.272155144189139,0.193588400331463,0.255804578812975,0.204902565193956,0.702345375183819,0.55111411957837,0.246564323700093,0.319740634121294,0.18974285241861,0.660395891179412,0.888269875967785,0.231882828210805,0.278122585591367,0.424369757307041,0.207254854094622,0.277270117335895,0.370076016091324,0.255037181377484,0.241428855418218,0.43213674755853,0.15424796518883,0.23491766270879,0.795355759975451,0.221144808735901,0.172669231941215,0.3049000137262,0.242725361595882,0.419036077302419,0.146428341597185,0.219778333662061,0.340365790541904,0.665764087746801,0.701745541437706,0.462865895010989,0.291709754677678,0.236185673013869,0.74169890300064,0.399401652496655,0.298861910379998
0.42084778970177,0.545963674257213,0.335887054267426,0.460976960356397,0.286762399528455,0.250912971344544,0.612502701498956,0.274333762376912,0.37805843068697,0.366569155056209,0.336410260395884,0.290037673811582,0.35987720188151,0.484105310544856,0.198238607626117,0.735407104019546,0.257066972638653,0.309575132892042,0.290455259764341,0.211075261249595,0.625044448705541,0.698129827547942,0.33171745716068,0.359526789078812,0.433184786924293,0.250851317449004,0.492334078965286,0.429438341606656,0.25279151178785,0.263181552809367,0.443120782479481,0.383974724903768,0.232299234896934,0.60261431050773,0.250411702056843,0.112909321982789,0.345151850766474,0.185844563079599,0.290038531767507,0.328689472772331,0.235426386383467,0.325526041952709,0.651825581376431,0.853796203274645,0.24584626160451,0.323524709331678,0.370423713451024,0.743664591328612,0.387345079975544,0.576887538883312
0.462180782474657,0.544169332470961,0.324311055364632,0.429809850603104,0.207419180968588,0.216811695635956,0.502745812013818,0.337612728559989,0.582870604305417,0.370395404159081,0.324553123346085,0.403088757642851,0.340808612660176,0.379613603054519,0.298718280142979,0.688463102302519,0.407697971876959,0.477057326358129,0.476423744103427,0.292865020872324,0.398438250652023,0.582208365281408,0.291974176608898,0.472771615374248,0.46155293779282,0.213720802646623,0.257963602910025,0.436905061196584,0.315417072059581,0.481283051515345,0.496610960085091,0.386553371226046,0.218015124968076,0.598057180211351,0.285308302188874,0.178804394645983,0.376144253954429,0.628856556666969,0.302970861458759,0.438343759855951,0.276430718367825,0.499058656110815,0.616725966135701,0.557008224857306,0.231238017369171,0.400164222190056,0.272623332912844,0.55808236248342,0.24515626971334,0.492286475541558
0.37015931845717,0.609323102185337,0.307762889314067,0.346516090039719,0.425848796381472,0.278315202412188,0.449378668190917,0.314281286002967,0.281984600639391,0.37294225121818,0.344948580846195,0.355175874481357,0.53739308616407,0.272922868338333,0.263197184999098,0.744975086581846,0.491675488021511,0.319470081313892,0.313107984212664,0.131852429035931,0.631602861110196,0.649084312912938,0.225141121945512,0.340635789873839,0.448437893728128,0.245699981930918,0.22661678944096,0.522896146882118,0.263238278653357,0.461967131700799,0.444747663123433,0.337134256651208,0.373469620917494,0.613182379538598,0.286237109036495,0.122923035822754,0.183267929433289,0.362182795456302,0.361204349396784,0.343185880887921,0.310472700903452,0.271022807953968,0.766382412229402,0.722815623719291,0.357959691304528,0.397420490635593,0.463110533935938,0.760133871914324,0.33126552376526,0.392269388978327
0.276326758250979,0.754185715035574,0.156866987425934,0.275652879800063,0.232453954622755,0.207775019908672,0.422679018610109,0.270145799769318,0.432422412098009,0.199278370061566,0.285328059501113,0.238997733010123,0.173053891499459,0.356447988658076,0.142555538759723,0.68805428850213,0.465710411850943,0.323389147964119,0.189683481360225,0.170314938116931,0.716533880799744,0.739879999239409,0.121546301203292,0.306183169123194,0.310431318934457,0.199289272896524,0.360010892223747,0.258684750372197,0.206876375227225,0.278634288661003,0.373330711543063,0.230856484663698,0.194976868324953,0.711920202626814,0.128557930221558,0.154233521350534,0.292295496044753,0.238270640963981,0.303122878768312,0.20190830351771,0.169019819034184,0.246500731596741,0.642378657773592,0.836062536018592,0.278597151554741,0.220681018705955,0.402371648719126,0.760165747941264,0.291775726213768,0.33565123773181
0.865344127303744,0.415177062992327,0.607537161852987,0.770549835435046,0.491872543133103,0.776782564475617,0.927892982075146,0.735385625905232,0.857929304982963,0.992758734798145,0.869754920865926,0.93079828472884,0.54389665015109,0.803750979240125,0.908530433253928,0.115671477127477,0.500232637518758,0.820601041229098,0.689706879344187,0.884686695854407,0.119398429419827,0.43721194629176,0.582728189369526,0.776756671714436,0.973135212192418,0.714938932044295,0.69139435134275,0.62746831664922,0.732297010096225,0.813031497930182,0.55332381208732,0.560073545012105,0.654217841714836,0.394952685979677,0.674108744127034,0.306816730425102,0.900607050814843,0.804441254210415,0.863198080678311,0.418010387413024,0.592459342602551,0.709257613012585,0.441597178763799,0.193845663281597,0.672124610286123,0.798128611364954,0.812789192291982,0.278943994569071,0.660730256180176,0.681883415771338
0.405625692901002,0.587764869559257,0.282935127857789,0.349635069363647,0.438254377423304,0.235090672047192,0.550667985147416,0.188621520181087,0.329331195868674,0.2230848136985,0.150566378945098,0.2156349023712,0.449600789480613,0.25300840195252,0.140934576108086,0.727100355522277,0.472967210199098,0.28066854199675,0.414208216525994,0.287896774274133,0.634355878897516,0.737479748643722,0.293316370409435,0.296829641279251,0.395595493962921,0.16316175914965,0.232371712092529,0.483572058633633,0.244403275379507,0.246332127371141,0.500185952582948,0.470097560119453,0.289660390432037,0.611057582590593,0.227191530866329,0.156782283525093,0.228194823391381,0.225560281350076,0.198795570897989,0.375231583066622,0.251396131818675,0.242754303264386,0.585628411257628,0.796388832992921,0.237900779427235,0.443591224246841,0.451096976028909,0.706635273366543,0.376820852064354,0.781804571885151
0.383459208873607,0.401728209992461,0.216136101808239,0.462156501627992,0.303698545433527,0.315922924750285,0.587121420805517,0.348484721264491,0.38027991092794,0.357972051603193,0.401417703639836,0.276119617264891,0.419246946113645,0.470323476120786,0.382738177586127,0.779028406337666,0.404887535522471,0.435179829291873,0.359727248746164,0.188003966109243,0.627999522844224,0.559742965617351,0.393263702655539,0.398173322019072,0.399238561758669,0.434351821235014,0.507607143254491,0.395104764920827,0.300368884172174,0.40858585381332,0.482342076984951,0.460770961927001,0.481323444108093,0.616621195651816,0.368057410215154,0.143847063635238,0.383035932686731,0.211719619486285,0.371563243204891,0.34423231034792,0.269836017734868,0.370463719975596,0.690326089114183,0.796063795425964,0.376702170168692,0.257048306987773,0.456238892237739,0.810019854075561,0.368063076967378,0.665536867190507
0.798455789536868,0.449121480181755,0.53659282572015,0.690567863826523,0.517043428178011,0.648126275797833,0.759977803298371,0.700315355490515,0.686543142466969,0.811561925720251,0.815452384576401,0.894386613565182,0.520523376358741,0.88577848619054,0.849835575757024,0.500487037617197,0.580917328979321,0.715314342852785,0.490547262199599,0.626151563501011,0.327314414972274,0.54348511059731,0.768985755018107,0.763181640153317,0.813341897531717,0.6299272891844,0.660087572118218,0.644906535487432,0.590269416736077,0.720384422019699,0.650035130877162,0.453667334702029,0.44617007370862,0.478891484710735,0.596269043723892,0.304439228950019,0.582128873842126,0.596975384383442,0.865152588943992,0.496118186372255,0.555935730560445,0.658452152432791,0.591537032565586,0.298890156979446,0.720941800434538,0.770660467375889,0.683702520115512,0.560164929576839,0.694495044008493,0.795791231410299
0.424625536353055,0.574411830926618,0.246090377064325,0.344406525842444,0.264605409564243,0.290587765615469,0.439078241355447,0.226898036282914,0.239319723114211,0.365552807638258,0.256985168779086,0.284080364002564,0.357608516769759,0.339320220567089,0.268750482972296,0.733519602004984,0.221663863934356,0.297595574549858,0.287541555730998,0.266719623149341,0.607945429971454,0.561776675481676,0.421982551685352,0.345528687428389,0.436266463944958,0.197643572135548,0.292603232991899,0.443295582682352,0.254861050429278,0.394262356350842,0.482062294963379,0.426823725285829,0.193433168346322,0.573575418884995,0.367915245901743,0.087995927288387,0.266965554037432,0.247401710119917,0.372562214096238,0.42443296822715,0.256623638417969,0.317965068409231,0.724644186129587,0.756858528893849,0.193568495594912,0.49161166452402,0.487071485387014,0.779843881905611,0.36453017133895,0.489283852474774
0.461969673102967,0.662360709644004,0.333913622073521,0.351631216130962,0.607586669747433,0.256821983257235,0.48185556029443,0.438823565543021,0.537029217650624,0.406995868233743,0.503266965574234,0.245919660599604,0.595727379242636,0.543166252977031,0.531526539498668,0.704746068990359,0.537575786243877,0.452987030478011,0.451376484704066,0.270280199878045,0.364837963223297,0.432245910576548,0.375610268164505,0.475907852340604,0.493146099496928,0.443038005133184,0.431942421087784,0.462676672434269,0.396217144549387,0.537715254173531,0.455182496298336,0.642017194808927,0.413215010240744,0.453123662073744,0.536721151646339,0.222516169647604,0.541363183563041,0.224895397673673,0.393660044986334,0.523334952602518,0.324179108316548,0.452359670222588,0.57985719974753,0.761332575403732,0.322883294375581,0.525039974436637,0.612452953236532,0.702863276845299,0.45966323253818,0.661335113505998
0.684078954159421,0.753157888187138,0.398805364494325,0.697463643568154,0.398451517873727,0.292947041434089,0.747276444505413,0.677808972898581,0.605697870893707,0.538272083547601,0.544747249007582,0.562441494936378,0.531506139156142,0.610862168696913,0.482657517334522,0.617842692826783,0.615429067944322,0.561970437113049,0.398315285435028,0.480954556668862,0.369476840290004,0.613990993858769,0.528999454331231,0.691894330105731,0.502916687880278,0.466554971628791,0.375374033563151,0.514505611220477,0.473032254336018,0.643734889955622,0.598586325799313,0.508085663985957,0.414651237436053,0.569130120006932,0.485124983498925,0.289247397490594,0.429181968642789,0.400690641714647,0.701147628694891,0.594204147774228,0.332910767691194,0.389935416321155,0.541425396908708,0.326719108668056,0.505555558834537,0.830704000981615,0.436635336691573,0.557126081675218,0.58691168285366,0.577098585872032
0.381359226176275,0.588984325142146,0.289472811047652,0.385713153834253,0.361011163177727,0.265837014252238,0.444662551845853,0.23822955605658,0.409605526258509,0.249904428503945,0.179283498245109,0.242527598074897,0.364507646366008,0.300183223086356,0.101581205065583,0.667570107652843,0.38482647303689,0.250742808473739,0.423288377822632,0.283083785382134,0.591713569745299,0.692962785625209,0.270427355520886,0.36412537700602,0.401054123414255,0.270278376727983,0.274938122591868,0.535610522714457,0.273266734516874,0.361167747068588,0.502600367806138,0.421755351479973,0.231429682377325,0.679535687739457,0.24047915535984,0.226334275830046,0.39780669441415,0.105116603369658,0.206961072096832,0.269427004363367,0.242607027316564,0.139644810771856,0.504393456385579,0.83990562725144,0.334861500956421,0.41896957329368,0.485956143268187,0.707049661716764,0.407467744262764,0.707103530923337
0.504335990695176,0.828825107105424,0.344100501107979,0.437873829873334,0.656528436961055,0.617715426943142,0.56711008167771,0.543752394267459,0.740398467187319,0.425445563126655,0.691267585408662,0.381665762760245,0.34788225649579,0.693629003766364,0.635868505741034,0.673563144003229,0.768314708287907,0.60566386104324,0.594158577625301,0.511188407321607,0.202064734171183,0.601812382461938,0.439635986176386,0.664394774301024,0.450396789198629,0.458053807342801,0.591669048211921,0.461200471494934,0.504702800460428,0.670529537698363,0.569571893932651,0.624174147843282,0.48534878835617,0.506103796500975,0.645846478620864,0.336666462927937,0.602028092403964,0.123013055659508,0.538880009126395,0.431517967690266,0.409921705570474,0.699507168365783,0.435387973523024,0.711477548589545,0.584013734759267,0.668433345638809,0.824642065317485,0.577122975908966,0.648875868017319,0.573712241007576
0.405159030079373,0.588470411717928,0.418374315020476,0.294287363542662,0.316006904053401,0.312535524148321,0.439785658807206,0.298542483884153,0.324369197947253,0.582082635775488,0.312922493067172,0.29339793575012,0.607931741715595,0.207037358653524,0.270231362431816,0.743600776359261,0.419086531134324,0.345893670170742,0.405170436378931,0.257311006154016,0.634406392985356,0.654984436298393,0.328377341290641,0.352730076122398,0.502008907052485,0.249507490792112,0.205628836744719,0.569782193490811,0.287544349505877,0.337315062497601,0.479969110950142,0.310646322589805,0.246993695453022,0.676301895893151,0.197754040369292,0.127597445502577,0.139066475341754,0.224441060494797,0.288073165122572,0.257301863005758,0.387621507088648,0.292722899333577,0.69242158853154,0.718064339284651,0.289338779027852,0.456035639649294,0.376425766378611,0.722413906701886,0.225086811836187,0.42102933771385
0.398125754696244,0.724744573105816,0.259397263422108,0.36435665177259,0.341741679145666,0.275707012172337,0.575288256157901,0.308317877900882,0.306514310029173,0.296142257506467,0.444926699890675,0.310527851499894,0.367264971347982,0.36631517547751,0.246447237598856,0.729535841992681,0.465144129898919,0.296594961788098,0.343844912942592,0.281427703182737,0.646352974759689,0.640949473455637,0.282681277547164,0.296572120355328,0.459450708507405,0.265945022653223,0.3237799009217,0.449114671546441,0.284076771463058,0.274513559100567,0.505688332340518,0.34654977368236,0.277281479843896,0.606491133009354,0.365763825958785,0.138306276299241,0.381222333020336,0.203707771185628,0.322874270630939,0.335630468181319,0.251166351308816,0.313177424929962,0.669096275344894,0.924090357093382,0.145055836122281,0.391316458638023,0.415075206411531,0.821325218296979,0.480924514000827,0.468323049276936
0.407170124620204,0.597476962237268,0.334828677224884,0.287108040226128,0.434530758662315,0.262914975394314,0.431703950343164,0.403586194375881,0.342192943618965,0.344699750027605,0.374650512193531,0.274889994599685,0.352791923763272,0.432295470818606,0.302520538214719,0.699944681377278,0.334217645250475,0.455303263722826,0.459280569099972,0.289128485409934,0.580331061951854,0.477271301061142,0.373899227212675,0.433977927620317,0.426256985870084,0.243294726972569,0.237686258054238,0.481038707344194,0.305135427958017,0.448545043829667,0.419297861457532,0.379499143355907,0.292054102424219,0.393834371796516,0.411569167739911,0.157195324035594,0.509443829434483,0.268412034294254,0.35099747289823,0.405981248758167,0.28325519951064,0.274379996979064,0.68826494214629,0.70727118007598,0.261266587641939,0.528153647324286,0.483659294667551,0.78559219209714,0.464015516881635,0.665402564561322
