hsa-mir-155,hsa-mir-491,hsa-mir-196b,hsa-mir-10a,hsa-mir-21,hsa-mir-148a,hsa-mir-1266,hsa-mir-200c,hsa-mir-128,hsa-mir-146b,hsa-mir-1296,hsa-mir-15b,hsa-mir-28,hsa-mir-105,hsa-mir-653,hsa-mir-452,hsa-mir-767,hsa-mir-141,hsa-mir-34a,hsa-mir-193a,hsa-mir-139,hsa-mir-374a,hsa-mir-23a,hsa-mir-504,hsa-mir-27a,hsa-mir-346,hsa-mir-503,hsa-mir-142,hsa-mir-501,hsa-mir-10b,hsa-mir-200a,hsa-mir-200b,hsa-mir-9,hsa-mir-30a,hsa-mir-574,hsa-mir-339,hsa-mir-100,hsa-mir-25,hsa-mir-138,hsa-mir-217,hsa-mir-335,hsa-mir-96,hsa-mir-671,hsa-mir-1262,hsa-mir-616,hsa-mir-455,hsa-mir-937,hsa-mir-383,hsa-mir-99b,hsa-mir-424
0.34674,0.49012,0.49285,0.03376,0.91827,0.96678,0.00696,0.03874,0.28791,0.35457,0.25432,0.37005,0.71212,0.12403,0.04043,0.12981,0.05547,0.52676,1,0.08251,0.16245,0.64769,0.22745,0.1159,0.84586,0.01677,0.40647,0.98728,0.34758,0.64063,0.25366,0.12862,0.85572,0.41179,0.36958,0.29764,0.61489,0.6842,0.18217,0.06178,1,0.52038,0.03712,0.061,0.00696,0.16109,0.05828,0.13538,0.2314,0.82134
0.89016,0.26279,0.39927,0.26821,0.86151,0.56538,0.12758,0.16108,0.48598,0.63282,0.14997,0.94053,0.6169,0.1051,0.04701,0.06943,0.03511,0.25628,0.51515,0.15306,0.21977,0.64769,0.56724,0.0485,0.70194,0.02374,0.34362,0.23181,0.23349,0.10063,0.0556,0.17002,0.75222,0.45749,0.53281,0.27383,0.73664,0.79128,0.15015,0.02069,0.34511,0.05914,0.02829,0.0744,0.01437,0.25557,0.10355,0.04002,0.35254,0.42256
0.41376,0.08722,0.38859,0.20564,1,0.25815,0.05053,0.05644,0.58669,0.40893,0.22994,0.52691,0.81951,0.28162,0.06671,0.05348,0.11751,0.04019,0.43232,0.35855,0.34598,0.68868,0.55421,0.31037,0.58295,0.24887,0.36716,0.02561,0.56458,0.35968,0.00317,0.05243,0.7085,0.61617,0.47253,0.12609,0.80118,0.97433,0.29396,0.02899,0.49629,0.24008,0.08309,0.14431,0.00569,0.33826,0.11204,0.74596,0.59537,0.56123
0.62005,0.21114,0.4959,0.00648,0.84049,0.23495,0.07614,0.04831,0.40395,0.41499,0.01678,0.18528,0.54106,0.11602,0.05793,0.0259,0.31961,0.03916,0.65895,0.32153,0.41262,0.22699,0.30933,0.58008,0.61182,0.58465,0.38628,0.00285,0.00457,0.45598,0.06783,0.18728,0.68763,0.37636,0.37517,0.04418,0.63098,0.69465,0.2916,0.02203,0.47582,0.09127,0.08864,0.10566,0.00696,0.07398,0.11,0.44935,0.32513,0.36023
0.56233,0.63861,0.38859,0.07286,0.76709,0.40702,0.19524,0.04014,0.32107,0.2353,0.5312,0.55382,0.62158,0.26617,0.03412,0.08899,0.11489,0.29835,1,0.14537,0.34042,0.78674,0.19157,0.2276,0.77811,0.03844,0.28483,0.37639,0.13106,1,0.03845,0.04226,0.75222,0.356,0.50987,0.14027,0.74725,0.8525,0.33673,0.05946,0.2986,0.137,0.01035,0.07399,0.01542,0.16109,0.11204,0.08776,0.22235,0.79059
0.20804,0.43684,0.02906,0.07533,0.41374,0.21949,0.18235,0.52559,0.80914,0.29092,0.24052,0.03289,0.0891,0,0,0.8529,0.02568,0.07127,0.54465,0.01434,0.79196,0.26962,0.45943,0.80122,0.27501,0.76637,0.05781,0.1333,0.16482,0.01294,0.02712,0.32043,0.51191,0.24161,0.73401,0.02802,0.28638,0.5009,0.04982,0.27479,0.41498,0.01758,0,0.43517,0.11778,0.07848,0.1149,0.06684,0.02412,0.27642
0.36125,0.38819,0.15656,0.00281,0.753,0.16615,0.03389,0.35539,0.62343,0.41499,0.51252,0.51474,0.62645,0.04018,0.05091,0.00988,0.02947,0.05692,0.18939,0.0444,0.69755,0.36223,0.29113,0.81758,0.377,0.85899,0.00116,0.1034,0.07377,0.03894,0.06133,0.05575,0.79262,0.34061,0.36958,0.14027,0.49682,0.47929,0.37902,0.03079,0.44905,0.00407,0.07879,0.11018,0.00488,0.25375,0.47768,0.02312,0.51224,0.47857
0,0.8297,0.01598,0.00863,0,0.51045,0.75165,1,0,0.11378,0.01007,0.02287,0,0.97291,0.02056,0.81764,1,0.07546,0.94777,0.01251,0.03826,0.20295,0.11751,0.95378,0,0.98059,0.11811,0.20468,0.01649,0.00188,0.0227,0.99159,0,0.02002,0,0.16097,0.01085,0,0,0.03628,0,0.0066,0.0085,0.31598,0.04916,0.0173,0.14686,0.12431,0,0.02281
0.35316,0.25803,0.21999,0.01165,0.66218,0.10344,0.04125,0.47463,0.87663,0.45131,0.27648,0.71443,0.80524,0.20731,0.05908,0.03251,0.04873,0.06198,0.32881,0.19252,0.5203,0.34188,0.45943,0.15887,0.51055,0.09843,0.24115,0.00242,0.43514,0.25121,0.00292,0.06749,0.76366,0.55999,0.4246,0.24546,0.92993,0.66623,0.30078,0.02294,0.56425,0.07114,0.10303,0.20135,0.0655,0.08842,0.1114,0.4177,0.49697,0.31091
0.57062,0.25308,0.96971,0.11014,1,0.39563,0.06013,0.13319,0.70342,0.2353,0.42109,0.56352,0.74201,0.26833,0.06598,0.06197,0.22086,0.0534,0.29435,0.3058,0.34598,0.34706,0.56724,0.09646,0.60291,0.17272,0.34362,0.03094,0.21095,0.03501,0.0096,0.09095,0.71978,0.39485,0.49439,0.13941,0.6477,0.83981,0.05701,0.01639,0.50073,0.21462,0.04652,0.29534,0.01787,0.20837,0.09044,0.80319,0.53988,0.40096
0.35106,0.45504,0.13846,0.01412,0.69066,0.01024,0.0617,0,0.43647,0.21308,0.16971,0.28902,0.64516,0.03313,0.13091,0.23364,0.31162,0.12608,0.2354,0.19681,0.35723,0.39435,0.19157,0.50661,0.56494,0.32197,0.59234,0.00571,0.37972,0.007,0.00231,0.01066,0.72987,0.6039,0.26826,0.57843,0.54493,0.78014,0.81742,0.013,0.55186,0.27551,0.06428,0.0362,0.06872,0.37201,0.04806,0.26205,0.67892,0.48323
0.38413,0.14948,0.02815,0.00436,0.63497,0.0436,0.98207,0.25109,0.70342,0.63282,0.00044,0.39816,0.16351,0.02673,0.1632,0.8529,0.34317,0.06514,0.5267,0.07612,0.81367,0.32024,0.62402,0.80122,0.57066,0.57832,0.00401,0.07268,0.08088,0.00544,0.00808,0.36202,0.55576,0.25692,0.7531,0.05622,0.46207,0.73376,0.19849,0.02316,0.41132,0.02083,0.02102,0,0.03022,0.08137,0.05828,0.04971,0.06675,0.30399
0.63315,0.00097,0.10024,0.1119,0.84049,0.45892,0.01416,0.42199,0.45528,0.1843,0.00719,0.52691,0.94193,0.30026,0.0243,0.01649,0.01993,0.07455,0.1538,0.06673,0.37835,0.68868,0.37981,0.74338,0.6589,0.36324,0.39187,0.19617,0.18312,0.72985,0.00151,0.0431,0.72987,0.356,0.48689,0.18368,0.49176,0.8525,0.25555,0.32565,0.83548,0.24898,0.03096,0.0481,0.05918,0.11296,0.15468,0.04478,0.08766,0.43668
0.22792,0.50194,0.17267,0.01065,1,0.78943,0.03014,0.04075,0.3691,0.34915,0.52398,0.21202,0.69981,0.36086,0.09015,0.28814,0.20556,1,0.26696,0.14537,0.26034,0.76211,0.21208,0.05637,0.88214,0.02653,0.65013,1,0.25248,0.38644,1,0.57647,0.80658,0.43295,0.12098,0.35133,0.49176,0.75649,0.71729,0.03516,0.61056,1,0.05334,0.0481,0.06722,0.11376,0.1089,0.05763,0.13164,0.90735
0.11361,1,0.27184,0.05211,0.73038,0.43552,0.00321,0.03046,0.66346,0.36291,0.64178,0.20746,0.65533,0.22211,0.02995,0.08024,0.11664,0.45893,0.27981,0.03882,0.49017,0.77386,0.17021,0.07637,0.7571,0.03419,0.12994,0.67713,0.11382,0.60074,0.03921,0.03339,0.7085,0.50219,0.18029,0.20094,0.58563,0.50717,0.46181,0.02957,0.71372,0.46964,0.02899,0.04545,0.0032,0.13107,0.0728,0.15038,0.23321,0.40965
0.31938,0.46661,0.27886,0.12812,0.63497,0.35002,0.32856,0.10926,0.28791,0.21145,0.55827,0.21657,0.52907,0.10372,0.0289,0.02508,0.05134,0.24023,0.76327,0.08925,0.17037,0.62753,0.02605,0.81758,0.82292,0.34092,0.21173,0.96043,0.11883,0.61123,0.03495,0.01693,0.59584,0.44094,0.50587,0.17665,0.82405,0.64848,0.18801,0.08019,0.46153,0.14763,0.01049,0.08032,0.01494,0.14493,0.15164,0.02391,0.22745,0.40096
0.14129,0.92806,0.26335,0.09315,0.62741,0.31864,0.2698,0.02621,0.73565,0.2298,1,0.181,0.53338,0.12962,0.03412,0.04991,0.04829,0.26265,0.61703,0.05084,0.40124,0.59929,0,0.07721,0.77811,0.04066,0.156,0.84158,0.13462,0.60627,0.04015,0.01451,0.62144,0.68005,0.35921,0.09759,0.65611,0.51335,0.51509,0.09138,0.58905,0.26177,0.01174,0.06121,0.01463,0.10506,0.12222,0.17631,0.2314,0.52915
0.20056,0.74025,0.3654,0.14629,0.62741,0.45211,0.29703,0.03874,0.51152,0.23704,0.52014,0.26029,0.5252,0.13068,0.03884,0.0111,0.01706,0.23101,0.56233,0.10479,0.42031,0.7247,0.05545,0.39962,0.78926,0.09269,0.13349,0.38459,0.14225,0.47649,0.06906,0.04987,0.66678,0.39175,0.38699,0.09671,0.69026,0.60528,0.37617,0.11185,0.41918,0.18762,0.01431,0.09441,0.02925,0.12167,0.11563,0.07576,0.21361,0.5503
0.19434,0.79003,0.94794,0.36932,0.753,0.61692,0,0.02443,0.86262,0.46593,0.60472,0.30705,0.65022,0.12677,0.0289,1,0.0892,0.42762,0.39745,0.07524,0.58573,0.81317,0.32439,0.08703,0.8005,0.02509,0.11174,0.60076,0.16558,0.47649,0.09765,0.09998,0.64721,0.71066,0.42145,0.39576,0.7081,0.64039,0.40177,0.1171,0.97035,0.2163,0.05379,0.047,0.02547,0.13609,0.07062,0.18251,0.28571,0.57236
0.93358,0.37178,0.07482,0.0863,0.71007,0.2264,0.05053,0.13319,0.33745,0.25278,0.09403,0.21657,0.52127,0.59479,0.08395,0.01152,0.64551,0.04572,0.12604,1,0.32623,0.43318,0.16546,0.10599,0.30137,0.05289,0.36162,0.01979,0.49208,0.29086,0.00434,0.08502,0.61203,0.50711,0.29868,0.20905,0.35162,0.75649,0.36241,0.01726,0.29591,0.35254,1,0.06697,0.13998,1,0.23607,0.27814,1,0.1509
0.19006,0.36852,0.13707,0.04952,0.79432,0.52878,0.01887,0.1035,0.59588,0.35737,0.4939,0.62546,0.7761,0.28162,0.02567,0.26911,0.32464,0.29247,0.14882,0.07379,0.27684,0.92029,0.35847,0.34834,0.68476,0.04323,0.13535,0.41112,0.25718,0.67306,0.1156,0.09034,0.69846,0.63143,0.55306,0.34457,0.81251,0.8038,0.2594,0.85966,0.76081,0.52038,0.03944,0.09312,0.02524,0.04271,0.03844,0.25832,0.23321,0.72401
0.36125,0.32718,0.20816,0.04217,0.47237,0.08011,0.28353,0.0974,0.58669,0.79347,0.04799,0.15883,0.39348,0.35491,0.03284,0.23257,0.75091,0.06887,0,0.29291,0.92924,0.04771,0.12113,0.33394,0.47536,0.19538,0.39187,0.04298,1,1,0.01508,0.03679,0.77711,0.40831,0.32014,0.03108,0.49176,0.64848,1,0.05295,0.33357,0.10075,0.32789,0.05619,0.02121,0.45456,0.28757,0.43693,0.94314,0.0502
0.33088,0.10059,0.10374,0.01459,0.43976,0.01589,0.26255,0.54114,0.46141,0.05967,0.13925,0.34155,0.14959,0.04193,0.05015,0.25379,0.47905,0.03492,0.12096,0.23365,0.26034,0.25544,0.11751,0.85612,0.22647,0.9293,0.12533,0.0145,0.03012,0.00539,0.03458,0.77733,0.63889,0.24559,0.02102,0.02016,0.40578,0.50717,0.02037,0.10275,0.2147,0.00492,0.06982,0.25033,0.0372,0.02255,0.25907,0.10961,0.0778,0.10875
0.67526,0.47057,0.21999,0.16588,0.76709,0.58253,0.31597,0.11377,0.66346,0.51398,0.13032,0.71443,0.26611,0.04255,0.01612,0.09122,0.05421,0.0207,0.44565,0.28449,0.76231,0.34188,0.66265,0.13249,0.69359,0.29741,0.28072,0.00631,0.06103,0.03182,0.01317,0.03157,0.65668,0.50711,1,0.04438,0.40237,0.82729,0.09288,0.13408,0.24136,0.00931,0.06516,0.18262,0.00439,0.17089,0.04023,0.40878,0.56009,0.27449
0.55015,0.37878,0.23015,0.326,0.88666,0.54422,0.09867,0.02134,0.28423,0.41499,0.26665,0.2662,0.78356,0.4189,0.02445,0.10657,0.25281,0.49092,0.39362,0.08302,0.28432,0.9678,0.16141,0.0231,0.73817,0.04378,0.33294,0.48165,0.39524,0.77399,0.00452,0.01709,0.72987,0.61617,0.23268,0.32488,0.56357,0.76811,0.30279,0.13754,0.78163,0.31556,0.02397,0.04577,0.01732,0.12345,0.11964,0.00668,0.179,0.91943
0.39849,0.238,0.13996,0.10051,0.77977,0.44524,0.06587,0.03748,0.51152,0.26097,0.19663,0.49987,0.71783,0.4158,0.01599,0.3215,0.31961,0.23909,0.49707,0.04506,0.17476,0.92029,0.29113,0.17467,0.85775,0.03077,1,0.87365,0.29613,0.43721,0.02082,0.01782,0.67716,0.5912,0.39585,0.20094,0.7263,0.53053,0.43545,0.46871,0.26499,0.13971,0.05731,0.0607,0.02536,0.08431,0.13032,0.24431,0.31339,1
0.3215,0.30429,0.3787,0.18298,0.49904,0.05438,0.10184,0.03062,0.72535,0.12867,0.45608,0.34396,0.66567,0.2556,0.05975,0.00946,0.08357,0.04572,0.406,0.15655,0.5931,0.35726,0.27237,0.53443,0.56494,0.18047,0.32531,0.0022,0.25718,0.40654,0.00374,0.04954,0.80658,0.23038,0.22342,0.35133,0.5284,0.70368,0.49057,0.02845,0.57687,0.11901,0.11014,0.13528,0.00282,0.17729,0.10767,0.33421,0.19329,0.64567
0.19582,0.04101,0.15515,0.16203,0.79432,0.04907,0.47441,0.09153,0.73565,0.44779,0.00688,0.44888,0.52907,0.01588,0.02302,0.2179,0.00399,0.03088,0.16641,0.10914,0.76231,0.59929,0.42487,0.46766,0.46142,0.50389,0.27153,0.0124,0.1214,0.6473,0.01491,0.33271,0.66678,0.37636,0.20782,0.02075,0.52316,0.8038,0.08029,0.03204,0.81271,0.10472,0.04652,0.02064,0.01753,0.27131,0.06876,0.22118,0.17511,0.56123
0.00495,0.43381,0.01033,0.00502,0.66218,0.40408,0.52242,0.789,0.38298,0.13036,0.01618,0.01793,0.00817,0.13259,0.04146,0.23257,0.75651,0.07578,0.79595,0.01068,0.55499,0.09154,0.23278,0.88224,0.06759,0.9293,0.09876,0.05633,0.02278,0.01476,0.02444,1,0.51191,0,0.02833,0.12422,0,0.35829,0.01026,0.06654,0.06238,0.0068,0.01299,0.10056,0.04916,0.05052,0.14168,0.04406,0.00077,0.12758
0.38156,0.32462,0.26518,0.07381,0.69066,0.40107,0.16242,0.08477,0.34172,0.49508,0.21788,0.32138,0.71212,0.22211,0.01937,0.15089,0.1801,0.23784,0.45494,0.10479,0.28896,0.90013,0.11392,0.00136,0.62726,0,0.1666,0.57594,0.13168,0.06296,0.00596,0.02716,0.72987,0.64487,0.14183,0.09584,0.7263,0.83981,0.29862,0.06268,0.89428,0.2855,0.01266,0.06187,0.04542,0.10886,0.21801,0.09909,0.14187,0.70028
0.47813,0.53136,0.94794,0.06465,0.68154,1,0.14152,0.07584,0.53142,0.46255,0.26482,0.55875,0.74201,0.13259,0.02712,0.05348,0.0919,0.40427,0.80608,0.09787,0.10749,0.82883,0.36558,0.04781,0.74816,0.04635,0.4569,0.31161,0.49942,0.30448,0.09715,0.17627,0.72987,0.52726,0.3446,0.26316,0.83574,0.82729,0.31159,0.9931,0.55186,0.18762,0.04915,0.06219,0.01955,0.08193,0.18548,0.01101,0.28768,0.79059
0.6421,0.01488,0.22235,0.00515,0.63497,0.17828,0.01416,0.11012,0.63208,0.12694,0.27828,0.33896,0.85047,0.18761,0.05579,0.00927,0.02457,0.16414,0.22254,0.24463,0.32899,0.42767,0.44135,0.66913,0.59026,0.63088,0.25248,0.02,0.43514,0.0098,0.12663,0.17627,0.71978,0.39175,0.26413,0.11233,0.69026,0.76811,0.30938,0.03926,0.55186,0.17108,0.11784,0.15129,0.07292,0.13609,0.15733,0.50267,0.39542,0.45181
0.22434,0.75313,0.17172,0.04353,0.68154,0.34152,0.01887,0.03281,0.71343,0.45571,0.43074,0.18528,0.64516,0.19359,0.03704,0.10078,0.07889,0.36246,0.62404,0.07612,0.66817,0.81317,0.06692,0.04024,0.64298,0.03284,0.08404,0.4541,0.10143,0.39199,0.09013,0.10631,0.82259,0.47926,0.24426,0.14488,0.54493,0.36632,0.4835,0.04532,0.70533,0.1674,0.02966,0.0597,0.01361,0.1005,0.03415,0.23047,0.22398,0.34668
0.34135,0.36205,0.32021,0.03148,0.95551,0.3476,0.07807,0.09216,0.66346,0.53307,0.36584,0.50686,0.74201,0.18903,0.06598,0.01978,0.07435,0.05224,0.37194,0.31472,0.43255,0.38216,0.41721,0.09106,0.73817,0.14797,0.29158,0.05372,0.45756,0.01839,0.04714,0.0592,0.74094,0.42186,0.45526,0.24403,0.69026,0.97433,0.34891,0.02069,0.35082,0.20499,0.10717,0.1421,0.02021,0.20682,0.05575,0.36666,0.50065,0.43668
0.32856,0.09437,0.33348,0.019,0.86151,0.59181,0.12543,0.04357,0.46141,0.27586,0.34985,0.27043,0.76204,0.02058,0.01923,0.00631,0.06647,0.05149,0.35427,0.03927,0.27438,0.74899,0.25953,0.32729,0.67694,0.02306,0.49535,0.56534,0.06533,0.68561,0.01188,0.0476,0.83839,0.31043,0.12876,0.10054,0.53355,0.66623,0.25555,0.30137,0.90573,0.27334,0.05215,0.04655,0.00254,0.06547,0.13032,0.00735,0.05429,0.78038
0.35583,0.00344,0.05244,0.01071,0.77977,0.00788,0.02584,0.05033,0.61399,0.25076,0.39434,0.41311,0.57889,0.06283,0.12277,0.3828,0.41312,0.05759,0.16468,0.09337,0.70535,0.08793,0.07553,0.54173,0.3835,0.49355,0.23424,0.00618,0.35244,0.45598,0,0.20186,0.68763,0.37636,0.63239,0.1427,0.61489,0.78014,0.04934,0.03023,0.77132,0.137,0.03756,0.02206,1,0.00113,0.06247,0,0.086,0.60826
0.26672,0.18591,0.23267,0.00552,0.51863,0.01729,0.05287,0.64894,0.42045,0.15199,0,0.06298,0.11491,0.03591,0.01699,0.2356,0.13061,0.10685,0.17128,0.08477,0.20151,0.24561,0.28468,0.88224,0.18406,0.94494,0.19628,0.0382,0.01037,0.00177,0.02427,0.7611,0.59584,0.00966,0.45181,0.00547,0.34856,0.4684,0.04391,0.01854,0.28046,0.08087,0.00779,0.39692,0.04645,0.02267,0.09044,0.05763,0.03561,0
0.62005,0.2213,0.54579,0.00852,1,0.0998,0.10339,0.28755,0.47972,0.54115,0.2375,0.77531,0.8425,0.29529,0.06527,0.02485,0.28248,0.04474,0.48167,0.40505,0.36302,0.27283,0.66265,0.1245,0.61182,0.1644,0.47084,0.06406,0.71649,0.4194,0.00281,0.08385,0.75222,0.44094,0.55306,0.24992,0.7263,0.95469,0.26334,0.04137,0.27777,0.02276,0.0517,0.22759,0.02483,0.15886,0.09613,0.34198,0.48617,0.41284
0.04008,0.50601,0.07396,0.15644,0.45809,0.0436,0.33876,0.0105,0.31403,0,0.00266,0,0.56665,0.16767,0.18401,0.05618,0.05386,0.08126,0.02191,0.04324,0.94231,0,0.36558,0.58008,0.45681,0.68272,0.16312,0.16083,0.00303,0.01428,0.15217,0.0774,0.77711,0.00114,0.51709,0.14913,0.11413,0.76811,0.09034,0.08019,0.38889,0.01108,0.19832,0.05864,0.00658,0.02474,0.0537,0.04269,0.26888,0.01196
0.14316,0.30163,0.01305,0.00521,0.79432,0.40408,0.41126,0.29643,0.57619,0.19275,0.06364,0.54458,0.46309,0.08199,0.05602,0.69829,0.34055,0.04711,0.38987,0.27853,0.74246,0.31593,0.62402,0.73068,0.61961,0.48181,0.13535,0.07161,0.07527,0.0031,0.01502,0.23346,0.63889,0.34061,0.51322,0.05488,0.4214,0.83981,0.09741,0.02406,0.35691,0.02364,0.02536,0.01526,0.02863,0.31415,0.12957,0.08685,0.09009,0.42634
0.54222,0.15544,0.20816,0.03105,0.72013,0.38645,0.41126,0.10201,0.28423,0.43104,0.26665,0.97486,0.66567,1,0.08475,0.07991,0.89766,0.03121,0.19707,0.17146,0.30423,0.10091,0.41721,0,0.66721,0.12118,0.15059,0.00837,0.58465,0.0445,0.04467,0.20829,0.66678,0.32379,0.49822,1,0.62306,0.97433,0.04721,0.00527,0.13823,0.60471,0.08348,0.1397,0.04509,0.20988,0.10355,0.01875,0.66384,0.11772
0.84303,0.16824,0.32681,1,0.84049,0.4261,0.09074,0.10926,0.23344,0.50248,0.11063,0.42561,0.71212,0.16157,0.05236,0.07922,0.02568,0.38268,0.68508,0.27685,0.2216,0.82883,0.37239,0.06919,0.77811,0.03239,0.28483,0.51797,0.41195,0.60627,0.08637,0.1276,0.75222,0.48334,0.52897,0.35133,0.67254,0.76811,0.17679,0.04506,0.40305,0.27991,0.02574,0.08336,0.01858,0.20146,0.08631,0.01864,0.30092,0.67244
0.03146,0.57234,0,0.40336,0.603,0,0.13532,0.21176,0.86262,0.92692,0.10185,0.62546,0.04488,0.36842,0.00935,0.04558,0.05787,0.01686,0.07343,0.03404,0.91775,0.20295,0.52175,0.42241,0.54199,0.37653,0,0.00798,0.03636,0.00091,0.04329,0,0.64721,0.356,0.04736,0.01846,0.6477,0.58904,0.05635,0.03407,0.04866,0.01343,0.01974,0.29534,0.02304,0.05815,0.04984,0.97876,0.28768,0.0892
0.56233,0.75313,0.05199,0.18298,0.47721,0.31167,0.23771,0.08294,0.86262,0.41801,0.4762,0.5777,0.50996,0.07705,0.00777,0.07737,0.11317,0,0.36831,0.11296,1,0.32412,0.45943,0.37713,0.50035,0.31926,0.1454,0.03211,0,0.00318,0.00126,0.0348,0.57256,0.26398,0.37794,0.02261,0.29477,0.66623,0.25389,0.17364,0.69762,0.00069,0.02227,0.17966,0.01568,8e-04,0,0.43693,0.40479,0.00666
0.46421,0.57655,0.29756,0.24568,1,0.58253,0.19675,0.02476,0.46141,0.46593,0.34219,0.2662,1,0.37724,0.07882,0.05769,0.11074,0.42063,0.39362,0.14874,0.34863,0.76211,0.25953,0.08193,0.81214,0.10144,0.42788,0.39924,0.48499,0.69327,0.05692,0.08223,1,0.4878,0.33043,0.30307,0.49176,0.66623,0.53834,0.13577,0.49629,0.55468,0.04107,0.08467,0.00673,0.21648,0.04546,0.21833,0.22038,0.80046
0.22962,0.6889,0.18007,0.0396,0.86151,0.48001,0.02768,0.06068,0.53816,0.38129,0.47997,0.2662,0.88594,0.39734,0.03211,0.08183,0.27109,0.27014,0.25744,0.08528,0.37835,0.92029,0.25953,0.15134,0.72943,0.05466,0.22787,0.23714,0.23767,0.27624,0.07948,0.09289,0.95902,0.4878,0.26826,0.18982,0.63098,0.66623,0.33902,0.24786,0.66669,0.65523,0.01913,0.07228,0.02737,0.14381,0.04984,0.23689,0.18592,0.6659
0.3387,0.10745,0.16633,0.0025,0.82442,0.34152,0.10844,0.01926,0.86262,0.31843,0.18547,0.37847,0.87728,0.10085,0.06153,0.0617,0.11837,0.05668,0.201,0.03639,0.731,0.37737,0.38648,0.23564,0.68476,0.22714,0.38392,0.06131,0.08621,0.27432,0.07575,0.04498,0.80658,0.45749,0.46908,0.03308,0.63098,0.74497,0.37343,0.0336,0.50666,0.46602,0.03012,0.3837,0.00374,0.11296,0.09044,0.21971,0.45046,0.56695
0.72313,0.30163,0.35598,0.0346,0.95551,0.13478,0.3933,0.28335,0.66346,0.71666,0.00431,0.46159,0.41709,0.0275,0.02977,0.02928,0.28914,0.12848,0.22466,0.14874,0.731,0.4105,0.40997,0.47953,0.66721,0.59228,0.1792,0.09766,0.01593,0.42835,0.00098,0.01436,0.72987,0.26617,0.46611,0.18884,0.52316,0.76811,0.10128,0.02047,0.52789,0,0.03143,0.04054,0.0475,0.04479,0.58329,0.02236,0.08145,0.48754
0.38685,0.55455,0.2408,0.07065,0.72013,0.30726,0.05616,0.1249,0.32107,0.54115,0.8595,0.50686,0.83498,0.07302,0.03468,0.19088,0.04567,0.6478,0.2354,0.09097,0.13564,0.9678,0.54308,0.04638,0.83502,0.03324,0.32326,0.44994,0.27302,0.98765,0.11355,0.26229,0.66678,0.75982,0.31495,0.31154,0.92993,0.91792,0.10998,0.00775,1,0.83567,0.05262,0.09217,0.01913,0.26495,0.05961,0.00573,0.3107,0.82134
0.22434,0.89013,0.15877,0.09997,0.61895,0.58678,0.06587,0.07345,0.89092,0.5579,0.49734,0.42871,0.57073,0.19202,0.04896,0.40167,0.18705,0.1456,0.2441,0.06331,0.51511,0.81317,0.57773,0.05973,0.71083,0.03077,0.08249,0.17294,0.13943,0.21953,0.07859,0.20339,0.61203,0.82049,0.48689,0.33556,0.9122,0.43203,0.49387,0.24912,0.632,0.04059,0.03303,0.07399,0.0277,0.11459,0.02552,0.34198,0.42058,0.43327
0.1112,0.13619,0.02763,0.01449,0.55891,0.0654,0.21688,0.40205,0.90539,0.56206,0.02783,0.04755,0.01911,0.18203,0.0537,0.17559,0.47062,0.10408,0.29201,0,0.66817,0.42192,0.40997,1,0.7571,1,0.0041,0.00615,0.01673,0,0.01468,0.26229,0.54093,0.28996,0.1466,0.13206,0.38765,0.62175,0.0388,0.1894,0.0585,0.01681,0.02194,0.02813,0.02086,0.03366,0.102,0.1584,0.03114,0.24884
0.35316,0.49802,0.20253,0.03282,0.95551,0.38935,0.21897,0.09814,0.82285,0.46593,0.36584,0.7213,0.5023,0.36331,0.04532,0.01714,0.2296,0.05835,0.21653,0.21109,0.98505,0.28324,0.55421,0.1558,0.57066,0.24085,0.44666,0.00041,0.36467,0.42835,0.04559,0.04954,0.80658,0.36182,0.58431,0.18259,0.4214,0.91792,0.28069,0.00697,0.48586,0.13169,0.08101,0.07511,0.00947,0.11125,0.05828,0.27604,0.24469,0.63303
0.30232,0.36852,0.21878,0.04521,0.95551,0.22464,0.17548,0.41163,0.83557,1,0.91311,0.95202,0.5023,0.30026,0.05045,0.05569,0.60343,0.01167,0.19144,0.19101,0.45279,0.32024,1,0.10487,0.58295,0.18181,0.17144,0.01646,0.18405,0.53649,0.00226,0.23724,0.65668,0.73321,0.94998,0.33127,0.80118,0.76811,0.16762,0.02274,0.27004,0.00441,0.02909,0.2934,0.05843,0.28381,0.05475,0.70865,0.33532,0.29726
0.64686,0.07356,0.21999,0.01798,0.91827,0.15735,0.16454,0.38181,0.42582,0.50248,0.1784,0.81361,0.58279,0.11866,0.05682,0.22542,0.19346,0.04755,0.60874,0.27263,0.16402,0.15526,0.42487,0.80122,0.45681,0.84768,0.24468,0.0487,0.12527,0.01999,0.00898,0.26665,0.63889,0.38536,0.66146,0.30707,0.74725,0.73376,0.1246,0.00578,0.09378,0.01964,0.01705,0.15909,0.02021,0.20309,0.08944,0.04546,0.74618,0.20552
0.35844,0.41921,0.1839,0.07381,0.79432,0.39563,0.26495,0.05248,0.69294,0.52923,0.34456,0.34907,0.63136,0.26409,0.02712,0.01623,0.08984,0.07792,0.2993,0.07285,0.44892,0.84688,0.14052,0.12316,0.58295,0.06822,0.06078,0.42126,0.10143,0.24139,0.01408,0.02677,0.76366,0.4878,0.13574,0.06633,0.56972,0.73376,0.36808,0.02047,0.82428,0.27144,0.0299,0.05564,0.00947,0.17854,0.25781,0.14313,0.23321,0.5052
0.84303,0.37586,0.69004,0.67279,0.88666,0.78943,0.27627,0.07758,0.35923,0.76707,0.17736,0.58707,0.81951,0.12041,0.04187,0.12235,0.05918,0.26,0.63135,0.18827,0.26486,0.74899,0.63756,0.00351,1,0.03665,0.48502,0.26314,0.28648,0.83259,0.0675,0.18728,0.64721,0.53863,0.67609,0.41283,0.82405,0.8525,0.35975,0.41687,0.41498,0.09585,0.11014,0.10912,0.01732,0.34063,0.08944,0.05156,0.48973,0.78038
0.30447,0.47442,0.09382,0.05432,0.86151,0.17406,0.4687,0.34173,1,0.84235,0.52398,0.92915,0.3249,0.36086,0.02695,0.15726,0.44312,0.0046,0.18939,0.20629,0.77223,0.13801,0.86148,0.14095,0.35838,0.16113,0.1454,0.01121,0.14085,0.17814,0.00322,0.08869,0.57985,0.58498,0.43815,0.2166,0.7081,0.58904,0.25555,0.07078,0.2147,0.01356,0.01104,0.44472,0.03438,0.24389,0.05475,1,0.57736,0.25672
0.31421,0.01446,0.04954,0.03803,0.65275,0.4388,0.80708,0.45907,0.86262,0.72212,0.34456,0.82264,0.34022,0.13259,0.02071,0.1951,0.20394,0.02452,0.30433,0.16677,0.4241,0.26578,0.66265,0.1934,0.44722,0.23487,0.08298,0.00176,0.09067,0.00553,0.00681,0.02181,0.75222,0.6594,0.66146,0.04687,0.79085,0.64039,0.06646,0.03204,0.25099,0.01468,0.01891,1,0.01592,0.09907,0.36103,0.77367,0.3302,0.40655
0.45005,0.08424,0.11444,0.00166,0.84049,0.18543,0.09196,0.13424,0.73565,0.4344,0.00656,0.39251,0.55394,0.04885,0.02445,0.17485,0.43332,0.07911,0.35427,0.28865,0.55499,0.46944,0.43322,0.32729,0.62726,0.48181,0.24283,0.00053,0.11329,0.00474,0.00266,0.3512,0.72987,0.45306,0.2561,0.04794,0.64024,0.73376,0.16066,0.06325,0.61757,0.00312,0.01921,0.25805,0.14352,0.03859,0.00361,0.32934,0.29643,0.41606
0.18193,0.06855,0.04803,0.03523,0.77977,0.18398,0.54167,0.2897,0.54551,0.24673,0.00735,0.12735,0.68809,0.02186,0.02099,0.40598,0.00022,0.11932,0.55041,0.08251,0.11619,0.52868,0.07864,0.74338,0.40785,0.70881,0.19778,0.00987,0.04378,0.31324,0.01352,0.01066,0.64721,0.15592,0.2744,0,0.55767,0.83981,0.0941,0.09053,0.79203,0.29202,0.0107,0.04593,0.01913,0,0.09162,0.0028,0.14811,0.63303
0.17009,0.49802,0.51852,0.10728,0.753,0.4293,0.25935,0.07036,0.6422,0.59175,0.58347,0.45209,0.66007,0.19359,0.04125,0.26261,0.2296,0.28848,0.84252,0.0927,0.25144,0.86312,0.35201,0.33079,0.83502,0.08458,0.16777,0.56,0.22811,0.53649,0.04033,0.11629,0.69846,0.92342,0.42821,0.59632,0.73664,0.44707,0.27697,0.16686,0.46153,0.22972,0.02322,0.08467,0.01191,0.19546,0.05575,0.14313,0.59979,0.63908
0.18596,0.74025,0.16354,0.34283,0.68154,0.29043,0.30199,0.03985,0.76995,0.37562,0.64178,0.23859,0.70607,0.29529,0.04615,0.03076,0.18862,0.19526,0.43637,0.15759,0.49017,0.79987,0.18704,0.05973,0.71083,0.06893,0.23935,0.06366,0.22555,0.62261,0.02938,0.03752,0.67716,0.53323,0.2784,0.13275,0.77932,0.86744,0.39287,0.04669,0.58905,0.46602,0.09348,0.0949,0.01152,0.19842,0.12621,0.19387,0.36658,0.7346
0.71705,0.09946,0.2603,0.1253,0.91827,0.26766,0.64478,0.22343,0.47404,0.33097,0.09495,0.48848,0.76204,0.33857,0.07405,0.04047,0.19174,0.03757,0.44565,0.26688,0.4241,0.31593,0.62402,0.29233,0.6589,0.19538,0.38628,0.10862,0.19592,0.03458,0.03002,0.04108,0.75222,0.40478,0.63239,0.10102,0.55071,0.74497,0.21901,0.01522,0.38602,0.1351,0.0589,0.12622,0.02494,0.26718,0.11741,0.59119,0.53562,0.45961
0.39541,0.20126,0.37307,0,0.62741,0.16121,0.05472,0.29422,0.51152,0.36291,0.17276,0.43566,0.43678,0.02849,0.03834,0.07834,0.09455,0.0541,0.28967,0.26491,0.45702,0.15995,0.24313,0.88224,0.4844,0.94494,0.07329,0.02256,0.08468,0.00249,0.01374,0.45889,0.7085,0.1899,0.67609,0.0675,0.41738,0.58904,0.40779,0.06654,0.19976,0.03004,0.00082,0.0949,0.02286,0.06547,0.0728,0.45263,0.3434,0.32454
0.48878,0.24863,0.66567,0.01095,0.80867,0.45211,0.01416,0.16108,0.56128,0.31137,0.32982,0.32372,0.8425,0.14243,0.05288,0.08463,0.02543,0.03757,0.66769,0.27465,0.48022,0.23585,0.32439,0.32729,0.69359,0.18181,0.67962,0.04983,0.3116,0.03146,0.02503,0.04279,0.67716,0.37934,0.44509,0.16008,0.51168,0.8038,0.41979,0.00888,0.49119,0.40007,0.04262,0.07475,0.00658,0.19388,0.05475,0.28808,0.3107,0.65879
0.2956,0.00942,0.25727,0.24568,0.61156,0.31167,0.00696,0.02605,0.70342,0.34633,0.29015,0.34396,0.65533,0.30254,0.07882,0.04262,0.41655,0.03746,0.56233,0.13394,0.6196,0.26962,0.21208,0.54173,0.61182,0.39795,0.25608,0.09234,0.48857,0.19173,0.00976,0.08118,0.92422,0.37934,0.55306,0.02672,0.6477,0.6842,0.44837,0,0.61056,0.09585,0.00453,0.11414,0.00696,0.02584,0.13386,0.21037,0.39232,0.5503
0.22792,0.16328,0.16712,0.00133,0.61156,0.06809,0.09867,0.30104,0.61399,0.42106,0.3603,0.44578,0.6169,0.09688,0.03778,0.23743,0.16157,0.06021,0.23107,0.18827,0.31755,0.18606,0.24313,0.85612,0.35255,0.89685,0.19328,0.03263,0.04523,0.00253,0.01169,0.22999,0.74094,0.41179,0.4344,0.07548,0.48173,0.50717,0.2406,0.04181,0.30679,0.02206,0.02488,0.1598,0.02132,0.17729,0.03415,0.91091,0.42058,0.38646
0.49596,0.0105,0.24363,0.19824,0.753,0.12976,0.044,0.02118,0.53816,0.17603,0.01729,0.34396,0.80524,0.04018,1,0.0313,0.0312,0.0691,0.31225,0.26491,0.40124,0.10832,0.26594,0.45183,0.74816,0.49355,0.15711,0.00252,0.18791,0.00457,0.00409,0.15749,0.7085,0.28741,0.59721,0.37151,0.68063,0.78014,0.2406,0.25671,0.18251,0.00636,0.13854,0.12095,0.00696,0.11907,0.07544,0.28192,0.40165,0.33413
0.3387,0.77481,0.20382,0.00481,0.82442,0.30954,0.0584,0.11818,0.69294,0.49109,0.2079,0.32372,0.75464,0.04374,0.05091,0.04558,0.20081,0.03793,0.49707,0.21258,0.63917,0.24223,0.27854,0.52043,0.54199,0.5091,0.32531,0.00942,0.4478,0.05177,0.00151,0.03245,0.66678,0.31559,0.40219,0.09584,0.58563,0.70368,0.33673,0.02092,0.35082,0.256,0.10149,0.0815,0.00254,0.1182,0.09701,0.37822,0.3225,0.30854
0.25635,0.18962,0.25102,0.00467,0.91827,0.38078,0.04888,0.08887,0.60489,0.31137,0.34219,0.39559,0.73012,0.26186,0.04361,0.04077,0.28684,0.04496,0.32054,0.21258,0.47065,0.54533,0.3307,0.45685,0.59026,0.45302,0.38904,0.02876,0.20672,0.01418,0.03458,0.11223,0.7085,0.37341,0.3277,0.07515,0.57821,0.815,0.31644,0.00911,0.39602,0.26539,0.0324,0.108,0.00282,0.11636,0.08718,0.37822,0.27072,0.82134
0.89867,0.13619,0.18583,0.25216,0.88666,0.37478,1,0.45907,0.47404,0.95329,0.11063,1,0.81276,0.07251,0.11335,0.26656,0.04053,0.02382,0.94777,0.29291,0.28896,0.20788,0.94962,0.13565,0.85775,0.04274,0.26338,0.23535,0.09031,0.02945,0.03042,0.29106,0.58806,0.6039,0.69188,0.47272,0.89604,0.8038,0.14183,0.013,0.13656,0.20986,0.01808,0.10611,0.11778,0.11376,0.11204,0.3723,0.71044,0.35513
0.38156,0.24424,0.94794,0.00281,1,0.25178,0.08043,0.30104,0.58669,0.44779,0.44606,0.49216,0.81276,0.4122,0.07583,0.05348,0.21397,0.03408,0.30966,0.29508,0.39454,0.45762,0.62402,0.0071,0.49564,0.13547,0.46007,0.04421,0.47072,0.39488,0.04559,0.11629,0.72987,0.44517,0.57512,0.11233,0.71662,1,0.24247,0.02482,0.49119,0.22477,0.07131,0.13743,0.00282,0.2248,0.09905,0.36107,0.48973,0.49208
0.51864,0.27218,0.27184,0.00572,0.72013,0.25609,0.07285,0.32909,0.89092,0.6191,0.10542,0.82264,0.67678,0.08997,0.06638,0.12937,0.25854,0.03088,0.32881,0.1777,0.54317,0.26962,0.43322,0.07542,0.51626,0.09745,0.37251,0.01165,0.20769,0.06647,0.01744,0.26036,0.65668,0.63143,0.45868,0.11691,0.79085,0.74497,0.3653,0.07586,0.43141,0.18384,0.05128,0.18695,0.02536,0.14721,0.102,0.60886,0.43424,0.36793
0.87466,0.12432,0.21878,0.38895,1,0.23495,0.03389,0.31457,0.51857,0.56206,0.12601,0.45545,0.82735,0.07555,0.07435,0.06331,0.0336,0.12608,0.76327,0.501,0.54317,0.22126,0.80945,0.18478,0.63498,0.17416,0.3114,0.04059,0.17969,0.06989,0.01632,0.18728,0.62958,0.36475,0.60586,0.27383,0.60789,0.8038,0.34891,1,0.4402,0.00488,0.02507,0.12353,0.00355,0.26495,0.14076,0.40223,0.47195,0.3129
0.27443,0.16648,0.16633,0.01699,0.74077,0.15009,0.03389,0.22673,0.72535,0.25076,0.05301,0.2552,0.37523,0.32629,0.04896,0.13025,0.02436,0.08254,0.31482,0.14323,0.55499,0.24223,0.16141,0.70923,0.443,0.7001,0.46339,0,0.13049,0.38926,0.07502,0.06,0.7085,0.31324,0.30128,0.07256,0.40578,0.64848,0.45165,0.01507,0.40305,0.07439,0.0399,0.09583,0.00232,0.16003,0.05828,0.46973,0.33281,0.70028
0.62005,0.16165,0.25402,0.04787,0.88666,0.20781,0.044,0.21176,0.76995,0.57443,0.44316,0.81361,0.67678,0.17407,0.06598,0.26139,0.1695,0.02884,0.29681,0.14647,0.30943,0.24561,0.79353,0.28114,0.50555,0.19684,0.13631,0.08749,0.15004,0.2262,0.08113,0.23346,0.76366,0.72546,0.5616,0.58271,0.81251,0.6576,0.2736,0.01522,0.3306,0.0259,0.0399,0.15909,0.04479,0.10738,0.10571,0.90307,0.87402,0.33166
0.69115,0.353,1,0.00715,0.79432,0.20288,0.57942,0.1778,0.59588,0.52532,0.24052,0.64815,0.64023,0.12125,0.05115,0.03962,0.1116,0.05362,0.78462,0.34119,0.66048,0.08623,0.31672,0.40904,0.67694,0.35979,0.27153,0.07797,0.45117,0.21321,0.0762,0.0476,0.60412,0.39792,0.68145,0.39852,0.7263,0.815,0.34891,0.23534,0.24839,0.09238,0.05634,0.10001,0.03307,0.15662,0.14621,0.32414,0.52017,0.27642
0.37622,0.01209,0.20253,0.00081,0.61156,0.22813,0.29823,0.15744,0.62343,0.37562,0.05819,0.32641,0.70607,0.20561,0.06186,0.11602,0.06016,0.04666,0.38274,0.3193,0.22955,0.21617,0.19681,0.62075,0.55404,0.65495,0.51271,0.00166,0.39524,0.05041,0.00312,0.03574,0.68763,0.44517,0.37517,0.0589,0.63098,0.71401,0.39287,0.24514,0.41132,0.2163,0.08309,0.136,0.00596,0.01534,1,0.64687,0.52017,0.37039
0.18193,0.07784,0.486,0.01716,0.82442,0.05078,0.0617,0.1736,0.59588,0.78061,0.02348,0.71443,0.52907,0.48545,0.24496,0.0085,0.09249,0.05385,0.46581,0.52507,0.1909,0.00878,0.52175,0.63923,0.14089,0.49846,0.00501,0.03387,0.00989,0.00884,0.00581,0.08059,0.74094,0.45749,0.95921,0.06718,0.80118,0.72325,0.07927,0.01022,0.00478,0.01326,0.60421,0.3015,0.00084,0.06246,0.09701,0.06092,0.83435,0.01487
0.38685,0.6593,0.1504,0.02989,0.73038,0.32612,0.03654,0.08231,0.70342,0.50628,0.42759,0.39816,0.63621,0.24778,0.03973,0.0344,0.06691,0.01728,0.54465,0.1739,0.81367,0.17679,0.20679,0.35255,0.58295,0.229,0.18593,0.10192,0.24777,0.13528,0.03587,0.08869,0.66678,0.34635,0.42821,0.16274,0.50167,0.70368,0.72404,0.03079,0.38256,0.10886,0.10096,0.07336,0,0.10436,0.09613,0.53685,0.36387,0.32454
0.10247,0,0.18583,0,0.69066,0.0154,0.02768,0.0616,0.67269,0.2317,0.00169,0.36726,0.51756,0.09614,0.0804,0.12396,0.02751,0.03941,0.25291,0.03826,0.24039,0.1341,0.38648,0.63923,0.62726,0.65495,0.1792,0.00285,0.09509,0.11245,0.00286,0.02965,0.76366,0.53323,0.18922,0.09631,0.51746,0.72325,0.31644,0.01061,0.47055,0.17108,0.10772,0.17442,0.0145,0.19842,0.15251,0.53685,0.2835,0.54459
0.24082,0.42623,0.23673,0.12737,0.84049,0.46225,0.11386,0.07758,0.65199,0.31635,0.40642,0.50686,0.79694,0.24004,0.06671,0.12093,0.13687,0.15172,0.32054,0.14429,0.42829,0.48239,0.3946,0.04712,0.91325,0.10144,0.24842,0.34266,0.38742,0.05543,0.07906,0.05765,0.74094,0.75982,0.47609,0.29002,0.79085,0.83981,0.25224,0.06524,0.48586,0.43641,0.08448,0.10205,0.00947,0.19996,0.01646,0.48494,0.40165,0.82134
